14-Sep-2026 08:57:15.194 SEVERE [main] org.apache.catalina.startup.Catalina.stopServer Could not contact [localhost:8005] (base port [8005] and offset [0]). Tomcat may not be running.
14-Sep-2026 08:57:29.953 INFO [main] org.apache.catalina.startup.VersionLoggerListener.log Server version name:   Apache Tomcat/8.5.96
14-Sep-2026 08:57:29.956 INFO [main] org.apache.catalina.startup.VersionLoggerListener.log Server built:          Nov 10 2023 14:56:59 UTC
14-Sep-2026 08:57:29.956 INFO [main] org.apache.catalina.startup.VersionLoggerListener.log Server version number: 8.5.96.0
14-Sep-2026 08:57:29.956 INFO [main] org.apache.catalina.startup.VersionLoggerListener.log OS Name:               Windows 11
14-Sep-2026 08:57:29.957 INFO [main] org.apache.catalina.startup.VersionLoggerListener.log OS Version:            10.0
14-Sep-2026 08:57:29.957 INFO [main] org.apache.catalina.startup.VersionLoggerListener.log Architecture:          amd64
14-Sep-2026 08:57:29.957 INFO [main] org.apache.catalina.startup.VersionLoggerListener.log Java Home:             C:\Program Files\Eclipse Adoptium\jdk-17.0.20.8-hotspot
14-Sep-2026 08:57:29.958 INFO [main] org.apache.catalina.startup.VersionLoggerListener.log JVM Version:           17.0.20+8
14-Sep-2026 08:57:29.958 INFO [main] org.apache.catalina.startup.VersionLoggerListener.log JVM Vendor:            Eclipse Adoptium
14-Sep-2026 08:57:29.958 INFO [main] org.apache.catalina.startup.VersionLoggerListener.log CATALINA_BASE:         D:\benedictmart\benedictmart\jerome_zom\tomcat
14-Sep-2026 08:57:29.960 INFO [main] org.apache.catalina.startup.VersionLoggerListener.log CATALINA_HOME:         D:\benedictmart\benedictmart\jerome_zom\tomcat
14-Sep-2026 08:57:29.961 INFO [main] org.apache.catalina.startup.VersionLoggerListener.log Command line argument: --add-opens=java.base/java.lang=ALL-UNNAMED
14-Sep-2026 08:57:29.961 INFO [main] org.apache.catalina.startup.VersionLoggerListener.log Command line argument: --add-opens=java.base/java.io=ALL-UNNAMED
14-Sep-2026 08:57:29.962 INFO [main] org.apache.catalina.startup.VersionLoggerListener.log Command line argument: --add-opens=java.base/java.util=ALL-UNNAMED
14-Sep-2026 08:57:29.962 INFO [main] org.apache.catalina.startup.VersionLoggerListener.log Command line argument: --add-opens=java.base/java.util.concurrent=ALL-UNNAMED
14-Sep-2026 08:57:29.963 INFO [main] org.apache.catalina.startup.VersionLoggerListener.log Command line argument: --add-opens=java.rmi/sun.rmi.transport=ALL-UNNAMED
14-Sep-2026 08:57:29.963 INFO [main] org.apache.catalina.startup.VersionLoggerListener.log Command line argument: -Djava.util.logging.config.file=D:\benedictmart\benedictmart\jerome_zom\tomcat\conf\logging.properties
14-Sep-2026 08:57:29.963 INFO [main] org.apache.catalina.startup.VersionLoggerListener.log Command line argument: -Djava.util.logging.manager=org.apache.juli.ClassLoaderLogManager
14-Sep-2026 08:57:29.963 INFO [main] org.apache.catalina.startup.VersionLoggerListener.log Command line argument: -Djdk.tls.ephemeralDHKeySize=2048
14-Sep-2026 08:57:29.964 INFO [main] org.apache.catalina.startup.VersionLoggerListener.log Command line argument: -Djava.protocol.handler.pkgs=org.apache.catalina.webresources
14-Sep-2026 08:57:29.964 INFO [main] org.apache.catalina.startup.VersionLoggerListener.log Command line argument: -Dignore.endorsed.dirs=
14-Sep-2026 08:57:29.964 INFO [main] org.apache.catalina.startup.VersionLoggerListener.log Command line argument: -Dcatalina.base=D:\benedictmart\benedictmart\jerome_zom\tomcat
14-Sep-2026 08:57:29.964 INFO [main] org.apache.catalina.startup.VersionLoggerListener.log Command line argument: -Dcatalina.home=D:\benedictmart\benedictmart\jerome_zom\tomcat
14-Sep-2026 08:57:29.964 INFO [main] org.apache.catalina.startup.VersionLoggerListener.log Command line argument: -Djava.io.tmpdir=D:\benedictmart\benedictmart\jerome_zom\tomcat\temp
14-Sep-2026 08:57:29.966 INFO [main] org.apache.catalina.core.AprLifecycleListener.lifecycleEvent Loaded Apache Tomcat Native library [1.3.8] using APR version [1.7.6].
14-Sep-2026 08:57:29.966 INFO [main] org.apache.catalina.core.AprLifecycleListener.lifecycleEvent APR capabilities: IPv6 [true], sendfile [true], accept filters [false], random [true], UDS [{4}].
14-Sep-2026 08:57:29.966 INFO [main] org.apache.catalina.core.AprLifecycleListener.lifecycleEvent APR/OpenSSL configuration: useAprConnector [false], useOpenSSL [true]
14-Sep-2026 08:57:30.006 INFO [main] org.apache.catalina.core.AprLifecycleListener.initializeSSL OpenSSL successfully initialized [OpenSSL 3.0.21 9 Jun 2026]
14-Sep-2026 08:57:30.070 INFO [main] org.apache.coyote.AbstractProtocol.init Initializing ProtocolHandler ["http-nio-8080"]
14-Sep-2026 08:57:30.119 INFO [main] org.apache.catalina.startup.Catalina.load Initialization processed in 840 ms
14-Sep-2026 08:57:30.225 INFO [main] org.apache.catalina.core.StandardService.startInternal Starting service [Catalina]
14-Sep-2026 08:57:30.225 INFO [main] org.apache.catalina.core.StandardEngine.startInternal Starting Servlet engine: [Apache Tomcat/8.5.96]
14-Sep-2026 08:57:30.280 INFO [localhost-startStop-1] org.apache.catalina.startup.HostConfig.deployWAR Deploying web application archive [D:\benedictmart\benedictmart\jerome_zom\tomcat\webapps\benedictjeromemart.war]
14-Sep-2026 08:57:33.985 WARNING [localhost-startStop-1] org.apache.tomcat.util.descriptor.web.WebXml.setVersion Unknown version string [4.0]. Default version will be used.
14-Sep-2026 08:57:37.821 INFO [localhost-startStop-1] org.apache.jasper.servlet.TldScanner.scanJars At least one JAR was scanned for TLDs yet contained no TLDs. Enable debug logging for this logger for a complete list of JARs that were scanned but no TLDs were found in them. Skipping unneeded JARs during scanning can improve startup time and JSP compilation time.
14-Sep-2026 08:57:38.033 WARNING [localhost-startStop-1] org.apache.catalina.util.SessionIdGeneratorBase.createSecureRandom Creation of SecureRandom instance for session ID generation using [SHA1PRNG] took [114] milliseconds.
14-Sep-2026 08:57:38.107 INFO [localhost-startStop-1] org.apache.catalina.startup.HostConfig.deployWAR Deployment of web application archive [D:\benedictmart\benedictmart\jerome_zom\tomcat\webapps\benedictjeromemart.war] has finished in [7,825] ms
14-Sep-2026 08:57:38.107 INFO [localhost-startStop-1] org.apache.catalina.startup.HostConfig.deployDirectory Deploying web application directory [D:\benedictmart\benedictmart\jerome_zom\tomcat\webapps\docs]
14-Sep-2026 08:57:38.192 INFO [localhost-startStop-1] org.apache.catalina.startup.HostConfig.deployDirectory Deployment of web application directory [D:\benedictmart\benedictmart\jerome_zom\tomcat\webapps\docs] has finished in [85] ms
14-Sep-2026 08:57:38.193 INFO [localhost-startStop-1] org.apache.catalina.startup.HostConfig.deployDirectory Deploying web application directory [D:\benedictmart\benedictmart\jerome_zom\tomcat\webapps\examples]
14-Sep-2026 08:57:39.836 INFO [localhost-startStop-1] org.apache.catalina.startup.HostConfig.deployDirectory Deployment of web application directory [D:\benedictmart\benedictmart\jerome_zom\tomcat\webapps\examples] has finished in [1,644] ms
14-Sep-2026 08:57:39.836 INFO [localhost-startStop-1] org.apache.catalina.startup.HostConfig.deployDirectory Deploying web application directory [D:\benedictmart\benedictmart\jerome_zom\tomcat\webapps\host-manager]
14-Sep-2026 08:57:39.947 INFO [localhost-startStop-1] org.apache.catalina.startup.HostConfig.deployDirectory Deployment of web application directory [D:\benedictmart\benedictmart\jerome_zom\tomcat\webapps\host-manager] has finished in [111] ms
14-Sep-2026 08:57:39.947 INFO [localhost-startStop-1] org.apache.catalina.startup.HostConfig.deployDirectory Deploying web application directory [D:\benedictmart\benedictmart\jerome_zom\tomcat\webapps\manager]
14-Sep-2026 08:57:40.048 INFO [localhost-startStop-1] org.apache.catalina.startup.HostConfig.deployDirectory Deployment of web application directory [D:\benedictmart\benedictmart\jerome_zom\tomcat\webapps\manager] has finished in [101] ms
14-Sep-2026 08:57:40.051 INFO [localhost-startStop-1] org.apache.catalina.startup.HostConfig.deployDirectory Deploying web application directory [D:\benedictmart\benedictmart\jerome_zom\tomcat\webapps\ROOT]
14-Sep-2026 08:57:40.107 INFO [localhost-startStop-1] org.apache.catalina.startup.HostConfig.deployDirectory Deployment of web application directory [D:\benedictmart\benedictmart\jerome_zom\tomcat\webapps\ROOT] has finished in [59] ms
14-Sep-2026 08:57:40.118 INFO [main] org.apache.coyote.AbstractProtocol.start Starting ProtocolHandler ["http-nio-8080"]
14-Sep-2026 08:57:40.278 INFO [main] org.apache.catalina.startup.Catalina.start Server startup in 10156 ms
14-Sep-2026 09:14:21.545 INFO [ContainerBackgroundProcessor[StandardEngine[Catalina]]] org.apache.catalina.startup.HostConfig.undeploy Undeploying context [/benedictjeromemart]
14-Sep-2026 09:14:21.646 INFO [localhost-startStop-2] org.apache.catalina.startup.HostConfig.deployWAR Deploying web application archive [D:\benedictmart\benedictmart\jerome_zom\tomcat\webapps\benedictjeromemart.war]
14-Sep-2026 09:14:25.520 WARNING [localhost-startStop-2] org.apache.tomcat.util.descriptor.web.WebXml.setVersion Unknown version string [4.0]. Default version will be used.
14-Sep-2026 09:14:28.537 INFO [localhost-startStop-2] org.apache.jasper.servlet.TldScanner.scanJars At least one JAR was scanned for TLDs yet contained no TLDs. Enable debug logging for this logger for a complete list of JARs that were scanned but no TLDs were found in them. Skipping unneeded JARs during scanning can improve startup time and JSP compilation time.
14-Sep-2026 09:14:28.575 INFO [localhost-startStop-2] org.apache.catalina.startup.HostConfig.deployWAR Deployment of web application archive [D:\benedictmart\benedictmart\jerome_zom\tomcat\webapps\benedictjeromemart.war] has finished in [6,929] ms
14-Sep-2026 09:15:01.771 INFO [main] org.apache.catalina.startup.VersionLoggerListener.log Server version name:   Apache Tomcat/8.5.96
14-Sep-2026 09:15:01.774 INFO [main] org.apache.catalina.startup.VersionLoggerListener.log Server built:          Nov 10 2023 14:56:59 UTC
14-Sep-2026 09:15:01.774 INFO [main] org.apache.catalina.startup.VersionLoggerListener.log Server version number: 8.5.96.0
14-Sep-2026 09:15:01.774 INFO [main] org.apache.catalina.startup.VersionLoggerListener.log OS Name:               Windows 11
14-Sep-2026 09:15:01.774 INFO [main] org.apache.catalina.startup.VersionLoggerListener.log OS Version:            10.0
14-Sep-2026 09:15:01.774 INFO [main] org.apache.catalina.startup.VersionLoggerListener.log Architecture:          amd64
14-Sep-2026 09:15:01.775 INFO [main] org.apache.catalina.startup.VersionLoggerListener.log Java Home:             C:\Program Files\Eclipse Adoptium\jdk-17.0.20.8-hotspot
14-Sep-2026 09:15:01.775 INFO [main] org.apache.catalina.startup.VersionLoggerListener.log JVM Version:           17.0.20+8
14-Sep-2026 09:15:01.775 INFO [main] org.apache.catalina.startup.VersionLoggerListener.log JVM Vendor:            Eclipse Adoptium
14-Sep-2026 09:15:01.776 INFO [main] org.apache.catalina.startup.VersionLoggerListener.log CATALINA_BASE:         D:\benedictmart\benedictmart\jerome_zom\tomcat
14-Sep-2026 09:15:01.776 INFO [main] org.apache.catalina.startup.VersionLoggerListener.log CATALINA_HOME:         D:\benedictmart\benedictmart\jerome_zom\tomcat
14-Sep-2026 09:15:01.776 INFO [main] org.apache.catalina.startup.VersionLoggerListener.log Command line argument: --add-opens=java.base/java.lang=ALL-UNNAMED
14-Sep-2026 09:15:01.778 INFO [main] org.apache.catalina.startup.VersionLoggerListener.log Command line argument: --add-opens=java.base/java.io=ALL-UNNAMED
14-Sep-2026 09:15:01.778 INFO [main] org.apache.catalina.startup.VersionLoggerListener.log Command line argument: --add-opens=java.base/java.util=ALL-UNNAMED
14-Sep-2026 09:15:01.778 INFO [main] org.apache.catalina.startup.VersionLoggerListener.log Command line argument: --add-opens=java.base/java.util.concurrent=ALL-UNNAMED
14-Sep-2026 09:15:01.778 INFO [main] org.apache.catalina.startup.VersionLoggerListener.log Command line argument: --add-opens=java.rmi/sun.rmi.transport=ALL-UNNAMED
14-Sep-2026 09:15:01.779 INFO [main] org.apache.catalina.startup.VersionLoggerListener.log Command line argument: -Djava.util.logging.config.file=D:\benedictmart\benedictmart\jerome_zom\tomcat\conf\logging.properties
14-Sep-2026 09:15:01.780 INFO [main] org.apache.catalina.startup.VersionLoggerListener.log Command line argument: -Djava.util.logging.manager=org.apache.juli.ClassLoaderLogManager
14-Sep-2026 09:15:01.780 INFO [main] org.apache.catalina.startup.VersionLoggerListener.log Command line argument: -Djdk.tls.ephemeralDHKeySize=2048
14-Sep-2026 09:15:01.780 INFO [main] org.apache.catalina.startup.VersionLoggerListener.log Command line argument: -Djava.protocol.handler.pkgs=org.apache.catalina.webresources
14-Sep-2026 09:15:01.780 INFO [main] org.apache.catalina.startup.VersionLoggerListener.log Command line argument: -Dignore.endorsed.dirs=
14-Sep-2026 09:15:01.780 INFO [main] org.apache.catalina.startup.VersionLoggerListener.log Command line argument: -Dcatalina.base=D:\benedictmart\benedictmart\jerome_zom\tomcat
14-Sep-2026 09:15:01.780 INFO [main] org.apache.catalina.startup.VersionLoggerListener.log Command line argument: -Dcatalina.home=D:\benedictmart\benedictmart\jerome_zom\tomcat
14-Sep-2026 09:15:01.781 INFO [main] org.apache.catalina.startup.VersionLoggerListener.log Command line argument: -Djava.io.tmpdir=D:\benedictmart\benedictmart\jerome_zom\tomcat\temp
14-Sep-2026 09:15:01.781 INFO [main] org.apache.catalina.core.AprLifecycleListener.lifecycleEvent Loaded Apache Tomcat Native library [1.3.8] using APR version [1.7.6].
14-Sep-2026 09:15:01.781 INFO [main] org.apache.catalina.core.AprLifecycleListener.lifecycleEvent APR capabilities: IPv6 [true], sendfile [true], accept filters [false], random [true], UDS [{4}].
14-Sep-2026 09:15:01.781 INFO [main] org.apache.catalina.core.AprLifecycleListener.lifecycleEvent APR/OpenSSL configuration: useAprConnector [false], useOpenSSL [true]
14-Sep-2026 09:15:01.790 INFO [main] org.apache.catalina.core.AprLifecycleListener.initializeSSL OpenSSL successfully initialized [OpenSSL 3.0.21 9 Jun 2026]
14-Sep-2026 09:15:01.836 INFO [main] org.apache.coyote.AbstractProtocol.init Initializing ProtocolHandler ["http-nio-8080"]
14-Sep-2026 09:15:01.866 SEVERE [main] org.apache.catalina.core.StandardService.initInternal Failed to initialize connector [Connector["http-nio-8080"]]
	org.apache.catalina.LifecycleException: Protocol handler initialization failed
		at org.apache.catalina.connector.Connector.initInternal(Connector.java:1075)
		at org.apache.catalina.util.LifecycleBase.init(LifecycleBase.java:127)
		at org.apache.catalina.core.StandardService.initInternal(StandardService.java:564)
		at org.apache.catalina.util.LifecycleBase.init(LifecycleBase.java:127)
		at org.apache.catalina.core.StandardServer.initInternal(StandardServer.java:854)
		at org.apache.catalina.util.LifecycleBase.init(LifecycleBase.java:127)
		at org.apache.catalina.startup.Catalina.load(Catalina.java:646)
		at org.apache.catalina.startup.Catalina.load(Catalina.java:669)
		at java.base/jdk.internal.reflect.NativeMethodAccessorImpl.invoke0(Native Method)
		at java.base/jdk.internal.reflect.NativeMethodAccessorImpl.invoke(NativeMethodAccessorImpl.java:77)
		at java.base/jdk.internal.reflect.DelegatingMethodAccessorImpl.invoke(DelegatingMethodAccessorImpl.java:43)
		at java.base/java.lang.reflect.Method.invoke(Method.java:569)
		at org.apache.catalina.startup.Bootstrap.load(Bootstrap.java:307)
		at org.apache.catalina.startup.Bootstrap.main(Bootstrap.java:477)
	Caused by: java.net.BindException: Address already in use: bind
		at java.base/sun.nio.ch.Net.bind0(Native Method)
		at java.base/sun.nio.ch.Net.bind(Net.java:567)
		at java.base/sun.nio.ch.ServerSocketChannelImpl.netBind(ServerSocketChannelImpl.java:337)
		at java.base/sun.nio.ch.ServerSocketChannelImpl.bind(ServerSocketChannelImpl.java:294)
		at java.base/sun.nio.ch.ServerSocketAdaptor.bind(ServerSocketAdaptor.java:89)
		at org.apache.tomcat.util.net.NioEndpoint.initServerSocket(NioEndpoint.java:226)
		at org.apache.tomcat.util.net.NioEndpoint.bind(NioEndpoint.java:202)
		at org.apache.tomcat.util.net.AbstractEndpoint.bindWithCleanup(AbstractEndpoint.java:1326)
		at org.apache.tomcat.util.net.AbstractEndpoint.init(AbstractEndpoint.java:1339)
		at org.apache.tomcat.util.net.AbstractJsseEndpoint.init(AbstractJsseEndpoint.java:231)
		at org.apache.coyote.AbstractProtocol.init(AbstractProtocol.java:695)
		at org.apache.coyote.http11.AbstractHttp11Protocol.init(AbstractHttp11Protocol.java:76)
		at org.apache.catalina.connector.Connector.initInternal(Connector.java:1073)
		... 13 more
14-Sep-2026 09:15:01.868 INFO [main] org.apache.catalina.startup.Catalina.load Initialization processed in 851 ms
14-Sep-2026 09:15:01.939 INFO [main] org.apache.catalina.core.StandardService.startInternal Starting service [Catalina]
14-Sep-2026 09:15:01.940 INFO [main] org.apache.catalina.core.StandardEngine.startInternal Starting Servlet engine: [Apache Tomcat/8.5.96]
14-Sep-2026 09:15:01.966 INFO [localhost-startStop-1] org.apache.catalina.startup.HostConfig.deployWAR Deploying web application archive [D:\benedictmart\benedictmart\jerome_zom\tomcat\webapps\benedictjeromemart.war]
14-Sep-2026 09:15:02.300 WARNING [localhost-startStop-1] org.apache.tomcat.util.descriptor.web.WebXml.setVersion Unknown version string [4.0]. Default version will be used.
14-Sep-2026 09:15:03.980 INFO [localhost-startStop-1] org.apache.jasper.servlet.TldScanner.scanJars At least one JAR was scanned for TLDs yet contained no TLDs. Enable debug logging for this logger for a complete list of JARs that were scanned but no TLDs were found in them. Skipping unneeded JARs during scanning can improve startup time and JSP compilation time.
14-Sep-2026 09:15:04.129 INFO [localhost-startStop-1] org.apache.catalina.startup.HostConfig.deployWAR Deployment of web application archive [D:\benedictmart\benedictmart\jerome_zom\tomcat\webapps\benedictjeromemart.war] has finished in [2,163] ms
14-Sep-2026 09:15:04.131 INFO [localhost-startStop-1] org.apache.catalina.startup.HostConfig.deployDirectory Deploying web application directory [D:\benedictmart\benedictmart\jerome_zom\tomcat\webapps\docs]
14-Sep-2026 09:15:04.175 INFO [localhost-startStop-1] org.apache.catalina.startup.HostConfig.deployDirectory Deployment of web application directory [D:\benedictmart\benedictmart\jerome_zom\tomcat\webapps\docs] has finished in [44] ms
14-Sep-2026 09:15:04.175 INFO [localhost-startStop-1] org.apache.catalina.startup.HostConfig.deployDirectory Deploying web application directory [D:\benedictmart\benedictmart\jerome_zom\tomcat\webapps\examples]
14-Sep-2026 09:15:04.634 INFO [localhost-startStop-1] org.apache.catalina.startup.HostConfig.deployDirectory Deployment of web application directory [D:\benedictmart\benedictmart\jerome_zom\tomcat\webapps\examples] has finished in [459] ms
14-Sep-2026 09:15:04.634 INFO [localhost-startStop-1] org.apache.catalina.startup.HostConfig.deployDirectory Deploying web application directory [D:\benedictmart\benedictmart\jerome_zom\tomcat\webapps\host-manager]
14-Sep-2026 09:15:04.681 INFO [localhost-startStop-1] org.apache.catalina.startup.HostConfig.deployDirectory Deployment of web application directory [D:\benedictmart\benedictmart\jerome_zom\tomcat\webapps\host-manager] has finished in [47] ms
14-Sep-2026 09:15:04.681 INFO [localhost-startStop-1] org.apache.catalina.startup.HostConfig.deployDirectory Deploying web application directory [D:\benedictmart\benedictmart\jerome_zom\tomcat\webapps\manager]
14-Sep-2026 09:15:04.723 INFO [localhost-startStop-1] org.apache.catalina.startup.HostConfig.deployDirectory Deployment of web application directory [D:\benedictmart\benedictmart\jerome_zom\tomcat\webapps\manager] has finished in [42] ms
14-Sep-2026 09:15:04.723 INFO [localhost-startStop-1] org.apache.catalina.startup.HostConfig.deployDirectory Deploying web application directory [D:\benedictmart\benedictmart\jerome_zom\tomcat\webapps\ROOT]
14-Sep-2026 09:15:04.755 INFO [localhost-startStop-1] org.apache.catalina.startup.HostConfig.deployDirectory Deployment of web application directory [D:\benedictmart\benedictmart\jerome_zom\tomcat\webapps\ROOT] has finished in [32] ms
14-Sep-2026 09:15:04.761 INFO [main] org.apache.catalina.startup.Catalina.start Server startup in 2895 ms
14-Sep-2026 09:15:04.777 SEVERE [main] org.apache.catalina.core.StandardServer.await Failed to create server shutdown socket on address [localhost] and port [8005] (base port [8005] and offset [0])
	java.net.BindException: Address already in use: bind
		at java.base/sun.nio.ch.Net.bind0(Native Method)
		at java.base/sun.nio.ch.Net.bind(Net.java:567)
		at java.base/sun.nio.ch.Net.bind(Net.java:556)
		at java.base/sun.nio.ch.NioSocketImpl.bind(NioSocketImpl.java:648)
		at java.base/java.net.ServerSocket.bind(ServerSocket.java:388)
		at java.base/java.net.ServerSocket.<init>(ServerSocket.java:274)
		at org.apache.catalina.core.StandardServer.await(StandardServer.java:444)
		at org.apache.catalina.startup.Catalina.await(Catalina.java:783)
		at org.apache.catalina.startup.Catalina.start(Catalina.java:729)
		at java.base/jdk.internal.reflect.NativeMethodAccessorImpl.invoke0(Native Method)
		at java.base/jdk.internal.reflect.NativeMethodAccessorImpl.invoke(NativeMethodAccessorImpl.java:77)
		at java.base/jdk.internal.reflect.DelegatingMethodAccessorImpl.invoke(DelegatingMethodAccessorImpl.java:43)
		at java.base/java.lang.reflect.Method.invoke(Method.java:569)
		at org.apache.catalina.startup.Bootstrap.start(Bootstrap.java:347)
		at org.apache.catalina.startup.Bootstrap.main(Bootstrap.java:478)
14-Sep-2026 09:15:04.777 INFO [main] org.apache.coyote.AbstractProtocol.pause Pausing ProtocolHandler ["http-nio-8080"]
14-Sep-2026 09:15:04.782 INFO [main] org.apache.catalina.core.StandardService.stopInternal Stopping service [Catalina]
14-Sep-2026 09:15:04.827 INFO [main] org.apache.coyote.AbstractProtocol.stop Stopping ProtocolHandler ["http-nio-8080"]
14-Sep-2026 09:15:04.827 INFO [main] org.apache.coyote.AbstractProtocol.destroy Destroying ProtocolHandler ["http-nio-8080"]
14-Sep-2026 09:23:39.441 INFO [ContainerBackgroundProcessor[StandardEngine[Catalina]]] org.apache.catalina.startup.HostConfig.undeploy Undeploying context []
14-Sep-2026 09:23:39.977 INFO [ContainerBackgroundProcessor[StandardEngine[Catalina]]] org.apache.catalina.startup.HostConfig.undeploy Undeploying context [/benedictjeromemart]
14-Sep-2026 09:23:40.026 INFO [localhost-startStop-3] org.apache.catalina.startup.HostConfig.deployWAR Deploying web application archive [D:\benedictmart\benedictmart\jerome_zom\tomcat\webapps\ROOT.war]
14-Sep-2026 09:23:43.874 WARNING [localhost-startStop-3] org.apache.tomcat.util.descriptor.web.WebXml.setVersion Unknown version string [4.0]. Default version will be used.
14-Sep-2026 09:23:46.338 INFO [localhost-startStop-3] org.apache.jasper.servlet.TldScanner.scanJars At least one JAR was scanned for TLDs yet contained no TLDs. Enable debug logging for this logger for a complete list of JARs that were scanned but no TLDs were found in them. Skipping unneeded JARs during scanning can improve startup time and JSP compilation time.
14-Sep-2026 09:23:46.369 INFO [localhost-startStop-3] org.apache.catalina.startup.HostConfig.deployWAR Deployment of web application archive [D:\benedictmart\benedictmart\jerome_zom\tomcat\webapps\ROOT.war] has finished in [6,343] ms
14-Sep-2026 09:24:46.343 INFO [main] org.apache.catalina.startup.VersionLoggerListener.log Server version name:   Apache Tomcat/8.5.96
14-Sep-2026 09:24:46.347 INFO [main] org.apache.catalina.startup.VersionLoggerListener.log Server built:          Nov 10 2023 14:56:59 UTC
14-Sep-2026 09:24:46.349 INFO [main] org.apache.catalina.startup.VersionLoggerListener.log Server version number: 8.5.96.0
14-Sep-2026 09:24:46.349 INFO [main] org.apache.catalina.startup.VersionLoggerListener.log OS Name:               Windows 11
14-Sep-2026 09:24:46.349 INFO [main] org.apache.catalina.startup.VersionLoggerListener.log OS Version:            10.0
14-Sep-2026 09:24:46.349 INFO [main] org.apache.catalina.startup.VersionLoggerListener.log Architecture:          amd64
14-Sep-2026 09:24:46.349 INFO [main] org.apache.catalina.startup.VersionLoggerListener.log Java Home:             C:\Program Files\Eclipse Adoptium\jdk-17.0.20.8-hotspot
14-Sep-2026 09:24:46.349 INFO [main] org.apache.catalina.startup.VersionLoggerListener.log JVM Version:           17.0.20+8
14-Sep-2026 09:24:46.351 INFO [main] org.apache.catalina.startup.VersionLoggerListener.log JVM Vendor:            Eclipse Adoptium
14-Sep-2026 09:24:46.351 INFO [main] org.apache.catalina.startup.VersionLoggerListener.log CATALINA_BASE:         D:\benedictmart\benedictmart\jerome_zom\tomcat
14-Sep-2026 09:24:46.351 INFO [main] org.apache.catalina.startup.VersionLoggerListener.log CATALINA_HOME:         D:\benedictmart\benedictmart\jerome_zom\tomcat
14-Sep-2026 09:24:46.351 INFO [main] org.apache.catalina.startup.VersionLoggerListener.log Command line argument: --add-opens=java.base/java.lang=ALL-UNNAMED
14-Sep-2026 09:24:46.353 INFO [main] org.apache.catalina.startup.VersionLoggerListener.log Command line argument: --add-opens=java.base/java.io=ALL-UNNAMED
14-Sep-2026 09:24:46.353 INFO [main] org.apache.catalina.startup.VersionLoggerListener.log Command line argument: --add-opens=java.base/java.util=ALL-UNNAMED
14-Sep-2026 09:24:46.353 INFO [main] org.apache.catalina.startup.VersionLoggerListener.log Command line argument: --add-opens=java.base/java.util.concurrent=ALL-UNNAMED
14-Sep-2026 09:24:46.353 INFO [main] org.apache.catalina.startup.VersionLoggerListener.log Command line argument: --add-opens=java.rmi/sun.rmi.transport=ALL-UNNAMED
14-Sep-2026 09:24:46.353 INFO [main] org.apache.catalina.startup.VersionLoggerListener.log Command line argument: -Djava.util.logging.config.file=D:\benedictmart\benedictmart\jerome_zom\tomcat\conf\logging.properties
14-Sep-2026 09:24:46.353 INFO [main] org.apache.catalina.startup.VersionLoggerListener.log Command line argument: -Djava.util.logging.manager=org.apache.juli.ClassLoaderLogManager
14-Sep-2026 09:24:46.353 INFO [main] org.apache.catalina.startup.VersionLoggerListener.log Command line argument: -Djdk.tls.ephemeralDHKeySize=2048
14-Sep-2026 09:24:46.353 INFO [main] org.apache.catalina.startup.VersionLoggerListener.log Command line argument: -Djava.protocol.handler.pkgs=org.apache.catalina.webresources
14-Sep-2026 09:24:46.353 INFO [main] org.apache.catalina.startup.VersionLoggerListener.log Command line argument: -Dignore.endorsed.dirs=
14-Sep-2026 09:24:46.353 INFO [main] org.apache.catalina.startup.VersionLoggerListener.log Command line argument: -Dcatalina.base=D:\benedictmart\benedictmart\jerome_zom\tomcat
14-Sep-2026 09:24:46.353 INFO [main] org.apache.catalina.startup.VersionLoggerListener.log Command line argument: -Dcatalina.home=D:\benedictmart\benedictmart\jerome_zom\tomcat
14-Sep-2026 09:24:46.353 INFO [main] org.apache.catalina.startup.VersionLoggerListener.log Command line argument: -Djava.io.tmpdir=D:\benedictmart\benedictmart\jerome_zom\tomcat\temp
14-Sep-2026 09:24:46.353 INFO [main] org.apache.catalina.core.AprLifecycleListener.lifecycleEvent Loaded Apache Tomcat Native library [1.3.8] using APR version [1.7.6].
14-Sep-2026 09:24:46.353 INFO [main] org.apache.catalina.core.AprLifecycleListener.lifecycleEvent APR capabilities: IPv6 [true], sendfile [true], accept filters [false], random [true], UDS [{4}].
14-Sep-2026 09:24:46.353 INFO [main] org.apache.catalina.core.AprLifecycleListener.lifecycleEvent APR/OpenSSL configuration: useAprConnector [false], useOpenSSL [true]
14-Sep-2026 09:24:46.366 INFO [main] org.apache.catalina.core.AprLifecycleListener.initializeSSL OpenSSL successfully initialized [OpenSSL 3.0.21 9 Jun 2026]
14-Sep-2026 09:24:46.426 INFO [main] org.apache.coyote.AbstractProtocol.init Initializing ProtocolHandler ["http-nio-8080"]
14-Sep-2026 09:24:46.460 SEVERE [main] org.apache.catalina.core.StandardService.initInternal Failed to initialize connector [Connector["http-nio-8080"]]
	org.apache.catalina.LifecycleException: Protocol handler initialization failed
		at org.apache.catalina.connector.Connector.initInternal(Connector.java:1075)
		at org.apache.catalina.util.LifecycleBase.init(LifecycleBase.java:127)
		at org.apache.catalina.core.StandardService.initInternal(StandardService.java:564)
		at org.apache.catalina.util.LifecycleBase.init(LifecycleBase.java:127)
		at org.apache.catalina.core.StandardServer.initInternal(StandardServer.java:854)
		at org.apache.catalina.util.LifecycleBase.init(LifecycleBase.java:127)
		at org.apache.catalina.startup.Catalina.load(Catalina.java:646)
		at org.apache.catalina.startup.Catalina.load(Catalina.java:669)
		at java.base/jdk.internal.reflect.NativeMethodAccessorImpl.invoke0(Native Method)
		at java.base/jdk.internal.reflect.NativeMethodAccessorImpl.invoke(NativeMethodAccessorImpl.java:77)
		at java.base/jdk.internal.reflect.DelegatingMethodAccessorImpl.invoke(DelegatingMethodAccessorImpl.java:43)
		at java.base/java.lang.reflect.Method.invoke(Method.java:569)
		at org.apache.catalina.startup.Bootstrap.load(Bootstrap.java:307)
		at org.apache.catalina.startup.Bootstrap.main(Bootstrap.java:477)
	Caused by: java.net.BindException: Address already in use: bind
		at java.base/sun.nio.ch.Net.bind0(Native Method)
		at java.base/sun.nio.ch.Net.bind(Net.java:567)
		at java.base/sun.nio.ch.ServerSocketChannelImpl.netBind(ServerSocketChannelImpl.java:337)
		at java.base/sun.nio.ch.ServerSocketChannelImpl.bind(ServerSocketChannelImpl.java:294)
		at java.base/sun.nio.ch.ServerSocketAdaptor.bind(ServerSocketAdaptor.java:89)
		at org.apache.tomcat.util.net.NioEndpoint.initServerSocket(NioEndpoint.java:226)
		at org.apache.tomcat.util.net.NioEndpoint.bind(NioEndpoint.java:202)
		at org.apache.tomcat.util.net.AbstractEndpoint.bindWithCleanup(AbstractEndpoint.java:1326)
		at org.apache.tomcat.util.net.AbstractEndpoint.init(AbstractEndpoint.java:1339)
		at org.apache.tomcat.util.net.AbstractJsseEndpoint.init(AbstractJsseEndpoint.java:231)
		at org.apache.coyote.AbstractProtocol.init(AbstractProtocol.java:695)
		at org.apache.coyote.http11.AbstractHttp11Protocol.init(AbstractHttp11Protocol.java:76)
		at org.apache.catalina.connector.Connector.initInternal(Connector.java:1073)
		... 13 more
14-Sep-2026 09:24:46.465 INFO [main] org.apache.catalina.startup.Catalina.load Initialization processed in 857 ms
14-Sep-2026 09:24:46.569 INFO [main] org.apache.catalina.core.StandardService.startInternal Starting service [Catalina]
14-Sep-2026 09:24:46.569 INFO [main] org.apache.catalina.core.StandardEngine.startInternal Starting Servlet engine: [Apache Tomcat/8.5.96]
14-Sep-2026 09:24:46.605 INFO [localhost-startStop-1] org.apache.catalina.startup.HostConfig.deployWAR Deploying web application archive [D:\benedictmart\benedictmart\jerome_zom\tomcat\webapps\ROOT.war]
14-Sep-2026 09:24:46.841 WARNING [localhost-startStop-1] org.apache.tomcat.util.descriptor.web.WebXml.setVersion Unknown version string [4.0]. Default version will be used.
14-Sep-2026 09:24:48.572 INFO [localhost-startStop-1] org.apache.jasper.servlet.TldScanner.scanJars At least one JAR was scanned for TLDs yet contained no TLDs. Enable debug logging for this logger for a complete list of JARs that were scanned but no TLDs were found in them. Skipping unneeded JARs during scanning can improve startup time and JSP compilation time.
14-Sep-2026 09:24:48.713 INFO [localhost-startStop-1] org.apache.catalina.startup.HostConfig.deployWAR Deployment of web application archive [D:\benedictmart\benedictmart\jerome_zom\tomcat\webapps\ROOT.war] has finished in [2,108] ms
14-Sep-2026 09:24:48.724 INFO [localhost-startStop-1] org.apache.catalina.startup.HostConfig.deployDirectory Deploying web application directory [D:\benedictmart\benedictmart\jerome_zom\tomcat\webapps\docs]
14-Sep-2026 09:24:48.848 INFO [localhost-startStop-1] org.apache.catalina.startup.HostConfig.deployDirectory Deployment of web application directory [D:\benedictmart\benedictmart\jerome_zom\tomcat\webapps\docs] has finished in [135] ms
14-Sep-2026 09:24:48.848 INFO [localhost-startStop-1] org.apache.catalina.startup.HostConfig.deployDirectory Deploying web application directory [D:\benedictmart\benedictmart\jerome_zom\tomcat\webapps\examples]
14-Sep-2026 09:24:49.719 INFO [localhost-startStop-1] org.apache.catalina.startup.HostConfig.deployDirectory Deployment of web application directory [D:\benedictmart\benedictmart\jerome_zom\tomcat\webapps\examples] has finished in [871] ms
14-Sep-2026 09:24:49.719 INFO [localhost-startStop-1] org.apache.catalina.startup.HostConfig.deployDirectory Deploying web application directory [D:\benedictmart\benedictmart\jerome_zom\tomcat\webapps\host-manager]
14-Sep-2026 09:24:49.800 INFO [localhost-startStop-1] org.apache.catalina.startup.HostConfig.deployDirectory Deployment of web application directory [D:\benedictmart\benedictmart\jerome_zom\tomcat\webapps\host-manager] has finished in [80] ms
14-Sep-2026 09:24:49.800 INFO [localhost-startStop-1] org.apache.catalina.startup.HostConfig.deployDirectory Deploying web application directory [D:\benedictmart\benedictmart\jerome_zom\tomcat\webapps\manager]
14-Sep-2026 09:24:49.874 INFO [localhost-startStop-1] org.apache.catalina.startup.HostConfig.deployDirectory Deployment of web application directory [D:\benedictmart\benedictmart\jerome_zom\tomcat\webapps\manager] has finished in [73] ms
14-Sep-2026 09:24:49.886 INFO [main] org.apache.catalina.startup.Catalina.start Server startup in 3421 ms
14-Sep-2026 09:24:49.906 SEVERE [main] org.apache.catalina.core.StandardServer.await Failed to create server shutdown socket on address [localhost] and port [8005] (base port [8005] and offset [0])
	java.net.BindException: Address already in use: bind
		at java.base/sun.nio.ch.Net.bind0(Native Method)
		at java.base/sun.nio.ch.Net.bind(Net.java:567)
		at java.base/sun.nio.ch.Net.bind(Net.java:556)
		at java.base/sun.nio.ch.NioSocketImpl.bind(NioSocketImpl.java:648)
		at java.base/java.net.ServerSocket.bind(ServerSocket.java:388)
		at java.base/java.net.ServerSocket.<init>(ServerSocket.java:274)
		at org.apache.catalina.core.StandardServer.await(StandardServer.java:444)
		at org.apache.catalina.startup.Catalina.await(Catalina.java:783)
		at org.apache.catalina.startup.Catalina.start(Catalina.java:729)
		at java.base/jdk.internal.reflect.NativeMethodAccessorImpl.invoke0(Native Method)
		at java.base/jdk.internal.reflect.NativeMethodAccessorImpl.invoke(NativeMethodAccessorImpl.java:77)
		at java.base/jdk.internal.reflect.DelegatingMethodAccessorImpl.invoke(DelegatingMethodAccessorImpl.java:43)
		at java.base/java.lang.reflect.Method.invoke(Method.java:569)
		at org.apache.catalina.startup.Bootstrap.start(Bootstrap.java:347)
		at org.apache.catalina.startup.Bootstrap.main(Bootstrap.java:478)
14-Sep-2026 09:24:49.908 INFO [main] org.apache.coyote.AbstractProtocol.pause Pausing ProtocolHandler ["http-nio-8080"]
14-Sep-2026 09:24:49.908 INFO [main] org.apache.catalina.core.StandardService.stopInternal Stopping service [Catalina]
14-Sep-2026 09:24:49.958 INFO [main] org.apache.coyote.AbstractProtocol.stop Stopping ProtocolHandler ["http-nio-8080"]
14-Sep-2026 09:24:49.968 INFO [main] org.apache.coyote.AbstractProtocol.destroy Destroying ProtocolHandler ["http-nio-8080"]
14-Sep-2026 09:25:06.197 INFO [main] org.apache.catalina.startup.VersionLoggerListener.log Server version name:   Apache Tomcat/8.5.96
14-Sep-2026 09:25:06.205 INFO [main] org.apache.catalina.startup.VersionLoggerListener.log Server built:          Nov 10 2023 14:56:59 UTC
14-Sep-2026 09:25:06.206 INFO [main] org.apache.catalina.startup.VersionLoggerListener.log Server version number: 8.5.96.0
14-Sep-2026 09:25:06.206 INFO [main] org.apache.catalina.startup.VersionLoggerListener.log OS Name:               Windows 11
14-Sep-2026 09:25:06.206 INFO [main] org.apache.catalina.startup.VersionLoggerListener.log OS Version:            10.0
14-Sep-2026 09:25:06.208 INFO [main] org.apache.catalina.startup.VersionLoggerListener.log Architecture:          amd64
14-Sep-2026 09:25:06.208 INFO [main] org.apache.catalina.startup.VersionLoggerListener.log Java Home:             C:\Program Files\Eclipse Adoptium\jdk-17.0.20.8-hotspot
14-Sep-2026 09:25:06.208 INFO [main] org.apache.catalina.startup.VersionLoggerListener.log JVM Version:           17.0.20+8
14-Sep-2026 09:25:06.208 INFO [main] org.apache.catalina.startup.VersionLoggerListener.log JVM Vendor:            Eclipse Adoptium
14-Sep-2026 09:25:06.208 INFO [main] org.apache.catalina.startup.VersionLoggerListener.log CATALINA_BASE:         D:\benedictmart\benedictmart\jerome_zom\tomcat
14-Sep-2026 09:25:06.210 INFO [main] org.apache.catalina.startup.VersionLoggerListener.log CATALINA_HOME:         D:\benedictmart\benedictmart\jerome_zom\tomcat
14-Sep-2026 09:25:06.210 INFO [main] org.apache.catalina.startup.VersionLoggerListener.log Command line argument: --add-opens=java.base/java.lang=ALL-UNNAMED
14-Sep-2026 09:25:06.210 INFO [main] org.apache.catalina.startup.VersionLoggerListener.log Command line argument: --add-opens=java.base/java.io=ALL-UNNAMED
14-Sep-2026 09:25:06.210 INFO [main] org.apache.catalina.startup.VersionLoggerListener.log Command line argument: --add-opens=java.base/java.util=ALL-UNNAMED
14-Sep-2026 09:25:06.210 INFO [main] org.apache.catalina.startup.VersionLoggerListener.log Command line argument: --add-opens=java.base/java.util.concurrent=ALL-UNNAMED
14-Sep-2026 09:25:06.214 INFO [main] org.apache.catalina.startup.VersionLoggerListener.log Command line argument: --add-opens=java.rmi/sun.rmi.transport=ALL-UNNAMED
14-Sep-2026 09:25:06.215 INFO [main] org.apache.catalina.startup.VersionLoggerListener.log Command line argument: -Djava.util.logging.config.file=D:\benedictmart\benedictmart\jerome_zom\tomcat\conf\logging.properties
14-Sep-2026 09:25:06.215 INFO [main] org.apache.catalina.startup.VersionLoggerListener.log Command line argument: -Djava.util.logging.manager=org.apache.juli.ClassLoaderLogManager
14-Sep-2026 09:25:06.215 INFO [main] org.apache.catalina.startup.VersionLoggerListener.log Command line argument: -Djdk.tls.ephemeralDHKeySize=2048
14-Sep-2026 09:25:06.215 INFO [main] org.apache.catalina.startup.VersionLoggerListener.log Command line argument: -Djava.protocol.handler.pkgs=org.apache.catalina.webresources
14-Sep-2026 09:25:06.215 INFO [main] org.apache.catalina.startup.VersionLoggerListener.log Command line argument: -Dignore.endorsed.dirs=
14-Sep-2026 09:25:06.218 INFO [main] org.apache.catalina.startup.VersionLoggerListener.log Command line argument: -Dcatalina.base=D:\benedictmart\benedictmart\jerome_zom\tomcat
14-Sep-2026 09:25:06.218 INFO [main] org.apache.catalina.startup.VersionLoggerListener.log Command line argument: -Dcatalina.home=D:\benedictmart\benedictmart\jerome_zom\tomcat
14-Sep-2026 09:25:06.218 INFO [main] org.apache.catalina.startup.VersionLoggerListener.log Command line argument: -Djava.io.tmpdir=D:\benedictmart\benedictmart\jerome_zom\tomcat\temp
14-Sep-2026 09:25:06.220 INFO [main] org.apache.catalina.core.AprLifecycleListener.lifecycleEvent Loaded Apache Tomcat Native library [1.3.8] using APR version [1.7.6].
14-Sep-2026 09:25:06.220 INFO [main] org.apache.catalina.core.AprLifecycleListener.lifecycleEvent APR capabilities: IPv6 [true], sendfile [true], accept filters [false], random [true], UDS [{4}].
14-Sep-2026 09:25:06.220 INFO [main] org.apache.catalina.core.AprLifecycleListener.lifecycleEvent APR/OpenSSL configuration: useAprConnector [false], useOpenSSL [true]
14-Sep-2026 09:25:06.231 INFO [main] org.apache.catalina.core.AprLifecycleListener.initializeSSL OpenSSL successfully initialized [OpenSSL 3.0.21 9 Jun 2026]
14-Sep-2026 09:25:06.295 INFO [main] org.apache.coyote.AbstractProtocol.init Initializing ProtocolHandler ["http-nio-8080"]
14-Sep-2026 09:25:06.324 SEVERE [main] org.apache.catalina.core.StandardService.initInternal Failed to initialize connector [Connector["http-nio-8080"]]
	org.apache.catalina.LifecycleException: Protocol handler initialization failed
		at org.apache.catalina.connector.Connector.initInternal(Connector.java:1075)
		at org.apache.catalina.util.LifecycleBase.init(LifecycleBase.java:127)
		at org.apache.catalina.core.StandardService.initInternal(StandardService.java:564)
		at org.apache.catalina.util.LifecycleBase.init(LifecycleBase.java:127)
		at org.apache.catalina.core.StandardServer.initInternal(StandardServer.java:854)
		at org.apache.catalina.util.LifecycleBase.init(LifecycleBase.java:127)
		at org.apache.catalina.startup.Catalina.load(Catalina.java:646)
		at org.apache.catalina.startup.Catalina.load(Catalina.java:669)
		at java.base/jdk.internal.reflect.NativeMethodAccessorImpl.invoke0(Native Method)
		at java.base/jdk.internal.reflect.NativeMethodAccessorImpl.invoke(NativeMethodAccessorImpl.java:77)
		at java.base/jdk.internal.reflect.DelegatingMethodAccessorImpl.invoke(DelegatingMethodAccessorImpl.java:43)
		at java.base/java.lang.reflect.Method.invoke(Method.java:569)
		at org.apache.catalina.startup.Bootstrap.load(Bootstrap.java:307)
		at org.apache.catalina.startup.Bootstrap.main(Bootstrap.java:477)
	Caused by: java.net.BindException: Address already in use: bind
		at java.base/sun.nio.ch.Net.bind0(Native Method)
		at java.base/sun.nio.ch.Net.bind(Net.java:567)
		at java.base/sun.nio.ch.ServerSocketChannelImpl.netBind(ServerSocketChannelImpl.java:337)
		at java.base/sun.nio.ch.ServerSocketChannelImpl.bind(ServerSocketChannelImpl.java:294)
		at java.base/sun.nio.ch.ServerSocketAdaptor.bind(ServerSocketAdaptor.java:89)
		at org.apache.tomcat.util.net.NioEndpoint.initServerSocket(NioEndpoint.java:226)
		at org.apache.tomcat.util.net.NioEndpoint.bind(NioEndpoint.java:202)
		at org.apache.tomcat.util.net.AbstractEndpoint.bindWithCleanup(AbstractEndpoint.java:1326)
		at org.apache.tomcat.util.net.AbstractEndpoint.init(AbstractEndpoint.java:1339)
		at org.apache.tomcat.util.net.AbstractJsseEndpoint.init(AbstractJsseEndpoint.java:231)
		at org.apache.coyote.AbstractProtocol.init(AbstractProtocol.java:695)
		at org.apache.coyote.http11.AbstractHttp11Protocol.init(AbstractHttp11Protocol.java:76)
		at org.apache.catalina.connector.Connector.initInternal(Connector.java:1073)
		... 13 more
14-Sep-2026 09:25:06.325 INFO [main] org.apache.catalina.startup.Catalina.load Initialization processed in 724 ms
14-Sep-2026 09:25:06.406 INFO [main] org.apache.catalina.core.StandardService.startInternal Starting service [Catalina]
14-Sep-2026 09:25:06.406 INFO [main] org.apache.catalina.core.StandardEngine.startInternal Starting Servlet engine: [Apache Tomcat/8.5.96]
14-Sep-2026 09:25:06.441 INFO [localhost-startStop-1] org.apache.catalina.startup.HostConfig.deployWAR Deploying web application archive [D:\benedictmart\benedictmart\jerome_zom\tomcat\webapps\ROOT.war]
14-Sep-2026 09:25:06.719 WARNING [localhost-startStop-1] org.apache.tomcat.util.descriptor.web.WebXml.setVersion Unknown version string [4.0]. Default version will be used.
14-Sep-2026 09:25:08.463 INFO [localhost-startStop-1] org.apache.jasper.servlet.TldScanner.scanJars At least one JAR was scanned for TLDs yet contained no TLDs. Enable debug logging for this logger for a complete list of JARs that were scanned but no TLDs were found in them. Skipping unneeded JARs during scanning can improve startup time and JSP compilation time.
14-Sep-2026 09:25:08.592 INFO [localhost-startStop-1] org.apache.catalina.startup.HostConfig.deployWAR Deployment of web application archive [D:\benedictmart\benedictmart\jerome_zom\tomcat\webapps\ROOT.war] has finished in [2,159] ms
14-Sep-2026 09:25:08.597 INFO [localhost-startStop-1] org.apache.catalina.startup.HostConfig.deployDirectory Deploying web application directory [D:\benedictmart\benedictmart\jerome_zom\tomcat\webapps\docs]
14-Sep-2026 09:25:08.656 INFO [localhost-startStop-1] org.apache.catalina.startup.HostConfig.deployDirectory Deployment of web application directory [D:\benedictmart\benedictmart\jerome_zom\tomcat\webapps\docs] has finished in [59] ms
14-Sep-2026 09:25:08.656 INFO [localhost-startStop-1] org.apache.catalina.startup.HostConfig.deployDirectory Deploying web application directory [D:\benedictmart\benedictmart\jerome_zom\tomcat\webapps\examples]
14-Sep-2026 09:25:09.536 INFO [localhost-startStop-1] org.apache.catalina.startup.HostConfig.deployDirectory Deployment of web application directory [D:\benedictmart\benedictmart\jerome_zom\tomcat\webapps\examples] has finished in [880] ms
14-Sep-2026 09:25:09.548 INFO [localhost-startStop-1] org.apache.catalina.startup.HostConfig.deployDirectory Deploying web application directory [D:\benedictmart\benedictmart\jerome_zom\tomcat\webapps\host-manager]
14-Sep-2026 09:25:09.639 INFO [localhost-startStop-1] org.apache.catalina.startup.HostConfig.deployDirectory Deployment of web application directory [D:\benedictmart\benedictmart\jerome_zom\tomcat\webapps\host-manager] has finished in [91] ms
14-Sep-2026 09:25:09.639 INFO [localhost-startStop-1] org.apache.catalina.startup.HostConfig.deployDirectory Deploying web application directory [D:\benedictmart\benedictmart\jerome_zom\tomcat\webapps\manager]
14-Sep-2026 09:25:09.724 INFO [localhost-startStop-1] org.apache.catalina.startup.HostConfig.deployDirectory Deployment of web application directory [D:\benedictmart\benedictmart\jerome_zom\tomcat\webapps\manager] has finished in [85] ms
14-Sep-2026 09:25:09.732 INFO [main] org.apache.catalina.startup.Catalina.start Server startup in 3405 ms
14-Sep-2026 09:25:09.751 SEVERE [main] org.apache.catalina.core.StandardServer.await Failed to create server shutdown socket on address [localhost] and port [8005] (base port [8005] and offset [0])
	java.net.BindException: Address already in use: bind
		at java.base/sun.nio.ch.Net.bind0(Native Method)
		at java.base/sun.nio.ch.Net.bind(Net.java:567)
		at java.base/sun.nio.ch.Net.bind(Net.java:556)
		at java.base/sun.nio.ch.NioSocketImpl.bind(NioSocketImpl.java:648)
		at java.base/java.net.ServerSocket.bind(ServerSocket.java:388)
		at java.base/java.net.ServerSocket.<init>(ServerSocket.java:274)
		at org.apache.catalina.core.StandardServer.await(StandardServer.java:444)
		at org.apache.catalina.startup.Catalina.await(Catalina.java:783)
		at org.apache.catalina.startup.Catalina.start(Catalina.java:729)
		at java.base/jdk.internal.reflect.NativeMethodAccessorImpl.invoke0(Native Method)
		at java.base/jdk.internal.reflect.NativeMethodAccessorImpl.invoke(NativeMethodAccessorImpl.java:77)
		at java.base/jdk.internal.reflect.DelegatingMethodAccessorImpl.invoke(DelegatingMethodAccessorImpl.java:43)
		at java.base/java.lang.reflect.Method.invoke(Method.java:569)
		at org.apache.catalina.startup.Bootstrap.start(Bootstrap.java:347)
		at org.apache.catalina.startup.Bootstrap.main(Bootstrap.java:478)
14-Sep-2026 09:25:09.751 INFO [main] org.apache.coyote.AbstractProtocol.pause Pausing ProtocolHandler ["http-nio-8080"]
14-Sep-2026 09:25:09.751 INFO [main] org.apache.catalina.core.StandardService.stopInternal Stopping service [Catalina]
14-Sep-2026 09:25:09.806 INFO [main] org.apache.coyote.AbstractProtocol.stop Stopping ProtocolHandler ["http-nio-8080"]
14-Sep-2026 09:25:09.806 INFO [main] org.apache.coyote.AbstractProtocol.destroy Destroying ProtocolHandler ["http-nio-8080"]
14-Sep-2026 09:32:38.724 INFO [main] org.apache.catalina.core.StandardServer.await A valid shutdown command was received via the shutdown port. Stopping the Server instance.
14-Sep-2026 09:32:38.738 INFO [main] org.apache.coyote.AbstractProtocol.pause Pausing ProtocolHandler ["http-nio-8080"]
14-Sep-2026 09:32:38.793 INFO [main] org.apache.catalina.core.StandardService.stopInternal Stopping service [Catalina]
14-Sep-2026 09:32:38.832 INFO [main] org.apache.coyote.AbstractProtocol.stop Stopping ProtocolHandler ["http-nio-8080"]
14-Sep-2026 09:32:38.856 INFO [main] org.apache.coyote.AbstractProtocol.destroy Destroying ProtocolHandler ["http-nio-8080"]
14-Sep-2026 09:32:55.701 INFO [main] org.apache.catalina.startup.VersionLoggerListener.log Server version name:   Apache Tomcat/8.5.96
14-Sep-2026 09:32:55.707 INFO [main] org.apache.catalina.startup.VersionLoggerListener.log Server built:          Nov 10 2023 14:56:59 UTC
14-Sep-2026 09:32:55.710 INFO [main] org.apache.catalina.startup.VersionLoggerListener.log Server version number: 8.5.96.0
14-Sep-2026 09:32:55.710 INFO [main] org.apache.catalina.startup.VersionLoggerListener.log OS Name:               Windows 11
14-Sep-2026 09:32:55.710 INFO [main] org.apache.catalina.startup.VersionLoggerListener.log OS Version:            10.0
14-Sep-2026 09:32:55.711 INFO [main] org.apache.catalina.startup.VersionLoggerListener.log Architecture:          amd64
14-Sep-2026 09:32:55.711 INFO [main] org.apache.catalina.startup.VersionLoggerListener.log Java Home:             C:\Program Files\Eclipse Adoptium\jdk-17.0.20.8-hotspot
14-Sep-2026 09:32:55.713 INFO [main] org.apache.catalina.startup.VersionLoggerListener.log JVM Version:           17.0.20+8
14-Sep-2026 09:32:55.715 INFO [main] org.apache.catalina.startup.VersionLoggerListener.log JVM Vendor:            Eclipse Adoptium
14-Sep-2026 09:32:55.715 INFO [main] org.apache.catalina.startup.VersionLoggerListener.log CATALINA_BASE:         D:\benedictmart\benedictmart\jerome_zom\tomcat
14-Sep-2026 09:32:55.717 INFO [main] org.apache.catalina.startup.VersionLoggerListener.log CATALINA_HOME:         D:\benedictmart\benedictmart\jerome_zom\tomcat
14-Sep-2026 09:32:55.718 INFO [main] org.apache.catalina.startup.VersionLoggerListener.log Command line argument: --add-opens=java.base/java.lang=ALL-UNNAMED
14-Sep-2026 09:32:55.718 INFO [main] org.apache.catalina.startup.VersionLoggerListener.log Command line argument: --add-opens=java.base/java.io=ALL-UNNAMED
14-Sep-2026 09:32:55.718 INFO [main] org.apache.catalina.startup.VersionLoggerListener.log Command line argument: --add-opens=java.base/java.util=ALL-UNNAMED
14-Sep-2026 09:32:55.718 INFO [main] org.apache.catalina.startup.VersionLoggerListener.log Command line argument: --add-opens=java.base/java.util.concurrent=ALL-UNNAMED
14-Sep-2026 09:32:55.718 INFO [main] org.apache.catalina.startup.VersionLoggerListener.log Command line argument: --add-opens=java.rmi/sun.rmi.transport=ALL-UNNAMED
14-Sep-2026 09:32:55.721 INFO [main] org.apache.catalina.startup.VersionLoggerListener.log Command line argument: -Djava.util.logging.config.file=D:\benedictmart\benedictmart\jerome_zom\tomcat\conf\logging.properties
14-Sep-2026 09:32:55.721 INFO [main] org.apache.catalina.startup.VersionLoggerListener.log Command line argument: -Djava.util.logging.manager=org.apache.juli.ClassLoaderLogManager
14-Sep-2026 09:32:55.721 INFO [main] org.apache.catalina.startup.VersionLoggerListener.log Command line argument: -Djdk.tls.ephemeralDHKeySize=2048
14-Sep-2026 09:32:55.722 INFO [main] org.apache.catalina.startup.VersionLoggerListener.log Command line argument: -Djava.protocol.handler.pkgs=org.apache.catalina.webresources
14-Sep-2026 09:32:55.722 INFO [main] org.apache.catalina.startup.VersionLoggerListener.log Command line argument: -Dignore.endorsed.dirs=
14-Sep-2026 09:32:55.722 INFO [main] org.apache.catalina.startup.VersionLoggerListener.log Command line argument: -Dcatalina.base=D:\benedictmart\benedictmart\jerome_zom\tomcat
14-Sep-2026 09:32:55.723 INFO [main] org.apache.catalina.startup.VersionLoggerListener.log Command line argument: -Dcatalina.home=D:\benedictmart\benedictmart\jerome_zom\tomcat
14-Sep-2026 09:32:55.723 INFO [main] org.apache.catalina.startup.VersionLoggerListener.log Command line argument: -Djava.io.tmpdir=D:\benedictmart\benedictmart\jerome_zom\tomcat\temp
14-Sep-2026 09:32:55.723 INFO [main] org.apache.catalina.core.AprLifecycleListener.lifecycleEvent Loaded Apache Tomcat Native library [1.3.8] using APR version [1.7.6].
14-Sep-2026 09:32:55.724 INFO [main] org.apache.catalina.core.AprLifecycleListener.lifecycleEvent APR capabilities: IPv6 [true], sendfile [true], accept filters [false], random [true], UDS [{4}].
14-Sep-2026 09:32:55.724 INFO [main] org.apache.catalina.core.AprLifecycleListener.lifecycleEvent APR/OpenSSL configuration: useAprConnector [false], useOpenSSL [true]
14-Sep-2026 09:32:55.735 INFO [main] org.apache.catalina.core.AprLifecycleListener.initializeSSL OpenSSL successfully initialized [OpenSSL 3.0.21 9 Jun 2026]
14-Sep-2026 09:32:55.812 INFO [main] org.apache.coyote.AbstractProtocol.init Initializing ProtocolHandler ["http-nio-8080"]
14-Sep-2026 09:32:55.877 INFO [main] org.apache.catalina.startup.Catalina.load Initialization processed in 818 ms
14-Sep-2026 09:32:55.966 INFO [main] org.apache.catalina.core.StandardService.startInternal Starting service [Catalina]
14-Sep-2026 09:32:55.966 INFO [main] org.apache.catalina.core.StandardEngine.startInternal Starting Servlet engine: [Apache Tomcat/8.5.96]
14-Sep-2026 09:32:56.032 INFO [localhost-startStop-1] org.apache.catalina.startup.HostConfig.deployWAR Deploying web application archive [D:\benedictmart\benedictmart\jerome_zom\tomcat\webapps\benedictjeromemart.war]
14-Sep-2026 09:32:59.714 WARNING [localhost-startStop-1] org.apache.tomcat.util.descriptor.web.WebXml.setVersion Unknown version string [4.0]. Default version will be used.
14-Sep-2026 09:33:03.019 INFO [localhost-startStop-1] org.apache.jasper.servlet.TldScanner.scanJars At least one JAR was scanned for TLDs yet contained no TLDs. Enable debug logging for this logger for a complete list of JARs that were scanned but no TLDs were found in them. Skipping unneeded JARs during scanning can improve startup time and JSP compilation time.
14-Sep-2026 09:33:03.237 WARNING [localhost-startStop-1] org.apache.catalina.util.SessionIdGeneratorBase.createSecureRandom Creation of SecureRandom instance for session ID generation using [SHA1PRNG] took [106] milliseconds.
14-Sep-2026 09:33:03.323 INFO [localhost-startStop-1] org.apache.catalina.startup.HostConfig.deployWAR Deployment of web application archive [D:\benedictmart\benedictmart\jerome_zom\tomcat\webapps\benedictjeromemart.war] has finished in [7,291] ms
14-Sep-2026 09:33:03.331 INFO [localhost-startStop-1] org.apache.catalina.startup.HostConfig.deployWAR Deploying web application archive [D:\benedictmart\benedictmart\jerome_zom\tomcat\webapps\ROOT.war]
14-Sep-2026 09:33:03.562 WARNING [localhost-startStop-1] org.apache.tomcat.util.descriptor.web.WebXml.setVersion Unknown version string [4.0]. Default version will be used.
14-Sep-2026 09:33:06.591 INFO [localhost-startStop-1] org.apache.jasper.servlet.TldScanner.scanJars At least one JAR was scanned for TLDs yet contained no TLDs. Enable debug logging for this logger for a complete list of JARs that were scanned but no TLDs were found in them. Skipping unneeded JARs during scanning can improve startup time and JSP compilation time.
14-Sep-2026 09:33:06.707 INFO [localhost-startStop-1] org.apache.catalina.startup.HostConfig.deployWAR Deployment of web application archive [D:\benedictmart\benedictmart\jerome_zom\tomcat\webapps\ROOT.war] has finished in [3,376] ms
14-Sep-2026 09:33:06.709 INFO [localhost-startStop-1] org.apache.catalina.startup.HostConfig.deployDirectory Deploying web application directory [D:\benedictmart\benedictmart\jerome_zom\tomcat\webapps\docs]
14-Sep-2026 09:33:06.790 INFO [localhost-startStop-1] org.apache.catalina.startup.HostConfig.deployDirectory Deployment of web application directory [D:\benedictmart\benedictmart\jerome_zom\tomcat\webapps\docs] has finished in [81] ms
14-Sep-2026 09:33:06.790 INFO [localhost-startStop-1] org.apache.catalina.startup.HostConfig.deployDirectory Deploying web application directory [D:\benedictmart\benedictmart\jerome_zom\tomcat\webapps\examples]
14-Sep-2026 09:33:07.514 INFO [localhost-startStop-1] org.apache.catalina.startup.HostConfig.deployDirectory Deployment of web application directory [D:\benedictmart\benedictmart\jerome_zom\tomcat\webapps\examples] has finished in [724] ms
14-Sep-2026 09:33:07.521 INFO [localhost-startStop-1] org.apache.catalina.startup.HostConfig.deployDirectory Deploying web application directory [D:\benedictmart\benedictmart\jerome_zom\tomcat\webapps\host-manager]
14-Sep-2026 09:33:07.606 INFO [localhost-startStop-1] org.apache.catalina.startup.HostConfig.deployDirectory Deployment of web application directory [D:\benedictmart\benedictmart\jerome_zom\tomcat\webapps\host-manager] has finished in [85] ms
14-Sep-2026 09:33:07.606 INFO [localhost-startStop-1] org.apache.catalina.startup.HostConfig.deployDirectory Deploying web application directory [D:\benedictmart\benedictmart\jerome_zom\tomcat\webapps\manager]
14-Sep-2026 09:33:07.688 INFO [localhost-startStop-1] org.apache.catalina.startup.HostConfig.deployDirectory Deployment of web application directory [D:\benedictmart\benedictmart\jerome_zom\tomcat\webapps\manager] has finished in [82] ms
14-Sep-2026 09:33:07.691 INFO [main] org.apache.coyote.AbstractProtocol.start Starting ProtocolHandler ["http-nio-8080"]
14-Sep-2026 09:33:07.833 INFO [main] org.apache.catalina.startup.Catalina.start Server startup in 11956 ms
14-Sep-2026 09:41:08.444 INFO [ContainerBackgroundProcessor[StandardEngine[Catalina]]] org.apache.catalina.startup.HostConfig.undeploy Undeploying context [/benedictjeromemart]
14-Sep-2026 09:41:08.582 INFO [localhost-startStop-2] org.apache.catalina.startup.HostConfig.deployWAR Deploying web application archive [D:\benedictmart\benedictmart\jerome_zom\tomcat\webapps\benedictjeromemart.war]
14-Sep-2026 09:41:12.361 WARNING [localhost-startStop-2] org.apache.tomcat.util.descriptor.web.WebXml.setVersion Unknown version string [4.0]. Default version will be used.
14-Sep-2026 09:41:15.122 INFO [localhost-startStop-2] org.apache.jasper.servlet.TldScanner.scanJars At least one JAR was scanned for TLDs yet contained no TLDs. Enable debug logging for this logger for a complete list of JARs that were scanned but no TLDs were found in them. Skipping unneeded JARs during scanning can improve startup time and JSP compilation time.
14-Sep-2026 09:41:15.163 INFO [localhost-startStop-2] org.apache.catalina.startup.HostConfig.deployWAR Deployment of web application archive [D:\benedictmart\benedictmart\jerome_zom\tomcat\webapps\benedictjeromemart.war] has finished in [6,581] ms
14-Sep-2026 09:49:02.231 INFO [main] org.apache.catalina.core.StandardServer.await A valid shutdown command was received via the shutdown port. Stopping the Server instance.
14-Sep-2026 09:49:02.233 INFO [main] org.apache.coyote.AbstractProtocol.pause Pausing ProtocolHandler ["http-nio-8080"]
14-Sep-2026 09:49:02.259 INFO [main] org.apache.catalina.core.StandardService.stopInternal Stopping service [Catalina]
14-Sep-2026 09:49:02.298 INFO [main] org.apache.coyote.AbstractProtocol.stop Stopping ProtocolHandler ["http-nio-8080"]
14-Sep-2026 09:49:02.321 INFO [main] org.apache.coyote.AbstractProtocol.destroy Destroying ProtocolHandler ["http-nio-8080"]
14-Sep-2026 09:50:10.685 INFO [main] org.apache.catalina.startup.VersionLoggerListener.log Server version name:   Apache Tomcat/8.5.96
14-Sep-2026 09:50:10.689 INFO [main] org.apache.catalina.startup.VersionLoggerListener.log Server built:          Nov 10 2023 14:56:59 UTC
14-Sep-2026 09:50:10.689 INFO [main] org.apache.catalina.startup.VersionLoggerListener.log Server version number: 8.5.96.0
14-Sep-2026 09:50:10.690 INFO [main] org.apache.catalina.startup.VersionLoggerListener.log OS Name:               Windows 11
14-Sep-2026 09:50:10.690 INFO [main] org.apache.catalina.startup.VersionLoggerListener.log OS Version:            10.0
14-Sep-2026 09:50:10.690 INFO [main] org.apache.catalina.startup.VersionLoggerListener.log Architecture:          amd64
14-Sep-2026 09:50:10.690 INFO [main] org.apache.catalina.startup.VersionLoggerListener.log Java Home:             C:\Program Files\Eclipse Adoptium\jdk-17.0.20.8-hotspot
14-Sep-2026 09:50:10.690 INFO [main] org.apache.catalina.startup.VersionLoggerListener.log JVM Version:           17.0.20+8
14-Sep-2026 09:50:10.690 INFO [main] org.apache.catalina.startup.VersionLoggerListener.log JVM Vendor:            Eclipse Adoptium
14-Sep-2026 09:50:10.692 INFO [main] org.apache.catalina.startup.VersionLoggerListener.log CATALINA_BASE:         D:\benedictmart\benedictmart\jerome_zom\tomcat
14-Sep-2026 09:50:10.692 INFO [main] org.apache.catalina.startup.VersionLoggerListener.log CATALINA_HOME:         D:\benedictmart\benedictmart\jerome_zom\tomcat
14-Sep-2026 09:50:10.693 INFO [main] org.apache.catalina.startup.VersionLoggerListener.log Command line argument: --add-opens=java.base/java.lang=ALL-UNNAMED
14-Sep-2026 09:50:10.693 INFO [main] org.apache.catalina.startup.VersionLoggerListener.log Command line argument: --add-opens=java.base/java.io=ALL-UNNAMED
14-Sep-2026 09:50:10.693 INFO [main] org.apache.catalina.startup.VersionLoggerListener.log Command line argument: --add-opens=java.base/java.util=ALL-UNNAMED
14-Sep-2026 09:50:10.693 INFO [main] org.apache.catalina.startup.VersionLoggerListener.log Command line argument: --add-opens=java.base/java.util.concurrent=ALL-UNNAMED
14-Sep-2026 09:50:10.693 INFO [main] org.apache.catalina.startup.VersionLoggerListener.log Command line argument: --add-opens=java.rmi/sun.rmi.transport=ALL-UNNAMED
14-Sep-2026 09:50:10.693 INFO [main] org.apache.catalina.startup.VersionLoggerListener.log Command line argument: -Djava.util.logging.config.file=D:\benedictmart\benedictmart\jerome_zom\tomcat\conf\logging.properties
14-Sep-2026 09:50:10.693 INFO [main] org.apache.catalina.startup.VersionLoggerListener.log Command line argument: -Djava.util.logging.manager=org.apache.juli.ClassLoaderLogManager
14-Sep-2026 09:50:10.696 INFO [main] org.apache.catalina.startup.VersionLoggerListener.log Command line argument: -Djdk.tls.ephemeralDHKeySize=2048
14-Sep-2026 09:50:10.697 INFO [main] org.apache.catalina.startup.VersionLoggerListener.log Command line argument: -Djava.protocol.handler.pkgs=org.apache.catalina.webresources
14-Sep-2026 09:50:10.697 INFO [main] org.apache.catalina.startup.VersionLoggerListener.log Command line argument: -Dignore.endorsed.dirs=
14-Sep-2026 09:50:10.697 INFO [main] org.apache.catalina.startup.VersionLoggerListener.log Command line argument: -Dcatalina.base=D:\benedictmart\benedictmart\jerome_zom\tomcat
14-Sep-2026 09:50:10.697 INFO [main] org.apache.catalina.startup.VersionLoggerListener.log Command line argument: -Dcatalina.home=D:\benedictmart\benedictmart\jerome_zom\tomcat
14-Sep-2026 09:50:10.697 INFO [main] org.apache.catalina.startup.VersionLoggerListener.log Command line argument: -Djava.io.tmpdir=D:\benedictmart\benedictmart\jerome_zom\tomcat\temp
14-Sep-2026 09:50:10.697 INFO [main] org.apache.catalina.core.AprLifecycleListener.lifecycleEvent Loaded Apache Tomcat Native library [1.3.8] using APR version [1.7.6].
14-Sep-2026 09:50:10.697 INFO [main] org.apache.catalina.core.AprLifecycleListener.lifecycleEvent APR capabilities: IPv6 [true], sendfile [true], accept filters [false], random [true], UDS [{4}].
14-Sep-2026 09:50:10.697 INFO [main] org.apache.catalina.core.AprLifecycleListener.lifecycleEvent APR/OpenSSL configuration: useAprConnector [false], useOpenSSL [true]
14-Sep-2026 09:50:10.706 INFO [main] org.apache.catalina.core.AprLifecycleListener.initializeSSL OpenSSL successfully initialized [OpenSSL 3.0.21 9 Jun 2026]
14-Sep-2026 09:50:10.757 INFO [main] org.apache.coyote.AbstractProtocol.init Initializing ProtocolHandler ["http-nio-8080"]
14-Sep-2026 09:50:10.799 INFO [main] org.apache.catalina.startup.Catalina.load Initialization processed in 811 ms
14-Sep-2026 09:50:10.885 INFO [main] org.apache.catalina.core.StandardService.startInternal Starting service [Catalina]
14-Sep-2026 09:50:10.885 INFO [main] org.apache.catalina.core.StandardEngine.startInternal Starting Servlet engine: [Apache Tomcat/8.5.96]
14-Sep-2026 09:50:10.935 INFO [localhost-startStop-1] org.apache.catalina.startup.HostConfig.deployWAR Deploying web application archive [D:\benedictmart\benedictmart\jerome_zom\tomcat\webapps\benedictjeromemart.war]
14-Sep-2026 09:50:14.481 WARNING [localhost-startStop-1] org.apache.tomcat.util.descriptor.web.WebXml.setVersion Unknown version string [4.0]. Default version will be used.
14-Sep-2026 09:50:17.894 INFO [localhost-startStop-1] org.apache.jasper.servlet.TldScanner.scanJars At least one JAR was scanned for TLDs yet contained no TLDs. Enable debug logging for this logger for a complete list of JARs that were scanned but no TLDs were found in them. Skipping unneeded JARs during scanning can improve startup time and JSP compilation time.
14-Sep-2026 09:50:18.081 WARNING [localhost-startStop-1] org.apache.catalina.util.SessionIdGeneratorBase.createSecureRandom Creation of SecureRandom instance for session ID generation using [SHA1PRNG] took [112] milliseconds.
14-Sep-2026 09:50:18.193 INFO [localhost-startStop-1] org.apache.catalina.startup.HostConfig.deployWAR Deployment of web application archive [D:\benedictmart\benedictmart\jerome_zom\tomcat\webapps\benedictjeromemart.war] has finished in [7,258] ms
14-Sep-2026 09:50:18.200 INFO [localhost-startStop-1] org.apache.catalina.startup.HostConfig.deployWAR Deploying web application archive [D:\benedictmart\benedictmart\jerome_zom\tomcat\webapps\ROOT.war]
14-Sep-2026 09:50:18.402 WARNING [localhost-startStop-1] org.apache.tomcat.util.descriptor.web.WebXml.setVersion Unknown version string [4.0]. Default version will be used.
14-Sep-2026 09:50:21.226 INFO [localhost-startStop-1] org.apache.jasper.servlet.TldScanner.scanJars At least one JAR was scanned for TLDs yet contained no TLDs. Enable debug logging for this logger for a complete list of JARs that were scanned but no TLDs were found in them. Skipping unneeded JARs during scanning can improve startup time and JSP compilation time.
14-Sep-2026 09:50:21.287 INFO [localhost-startStop-1] org.apache.catalina.startup.HostConfig.deployWAR Deployment of web application archive [D:\benedictmart\benedictmart\jerome_zom\tomcat\webapps\ROOT.war] has finished in [3,087] ms
14-Sep-2026 09:50:21.289 INFO [localhost-startStop-1] org.apache.catalina.startup.HostConfig.deployDirectory Deploying web application directory [D:\benedictmart\benedictmart\jerome_zom\tomcat\webapps\docs]
14-Sep-2026 09:50:21.362 INFO [localhost-startStop-1] org.apache.catalina.startup.HostConfig.deployDirectory Deployment of web application directory [D:\benedictmart\benedictmart\jerome_zom\tomcat\webapps\docs] has finished in [73] ms
14-Sep-2026 09:50:21.362 INFO [localhost-startStop-1] org.apache.catalina.startup.HostConfig.deployDirectory Deploying web application directory [D:\benedictmart\benedictmart\jerome_zom\tomcat\webapps\examples]
14-Sep-2026 09:50:22.164 INFO [localhost-startStop-1] org.apache.catalina.startup.HostConfig.deployDirectory Deployment of web application directory [D:\benedictmart\benedictmart\jerome_zom\tomcat\webapps\examples] has finished in [802] ms
14-Sep-2026 09:50:22.164 INFO [localhost-startStop-1] org.apache.catalina.startup.HostConfig.deployDirectory Deploying web application directory [D:\benedictmart\benedictmart\jerome_zom\tomcat\webapps\host-manager]
14-Sep-2026 09:50:22.260 INFO [localhost-startStop-1] org.apache.catalina.startup.HostConfig.deployDirectory Deployment of web application directory [D:\benedictmart\benedictmart\jerome_zom\tomcat\webapps\host-manager] has finished in [96] ms
14-Sep-2026 09:50:22.260 INFO [localhost-startStop-1] org.apache.catalina.startup.HostConfig.deployDirectory Deploying web application directory [D:\benedictmart\benedictmart\jerome_zom\tomcat\webapps\manager]
14-Sep-2026 09:50:22.342 INFO [localhost-startStop-1] org.apache.catalina.startup.HostConfig.deployDirectory Deployment of web application directory [D:\benedictmart\benedictmart\jerome_zom\tomcat\webapps\manager] has finished in [82] ms
14-Sep-2026 09:50:22.351 INFO [main] org.apache.coyote.AbstractProtocol.start Starting ProtocolHandler ["http-nio-8080"]
14-Sep-2026 09:50:22.486 INFO [main] org.apache.catalina.startup.Catalina.start Server startup in 11688 ms
14-Sep-2026 09:55:12.819 INFO [ContainerBackgroundProcessor[StandardEngine[Catalina]]] org.apache.catalina.startup.HostConfig.reload Reloading context [/benedictjeromemart]
14-Sep-2026 09:55:12.821 INFO [ContainerBackgroundProcessor[StandardEngine[Catalina]]] org.apache.catalina.core.StandardContext.reload Reloading Context with name [/benedictjeromemart] has started
14-Sep-2026 09:55:14.966 INFO [ContainerBackgroundProcessor[StandardEngine[Catalina]]] org.apache.jasper.servlet.TldScanner.scanJars At least one JAR was scanned for TLDs yet contained no TLDs. Enable debug logging for this logger for a complete list of JARs that were scanned but no TLDs were found in them. Skipping unneeded JARs during scanning can improve startup time and JSP compilation time.
14-Sep-2026 09:55:15.015 INFO [ContainerBackgroundProcessor[StandardEngine[Catalina]]] org.apache.catalina.core.StandardContext.reload Reloading Context with name [/benedictjeromemart] is completed
14-Sep-2026 09:55:58.227 INFO [main] org.apache.catalina.core.StandardServer.await A valid shutdown command was received via the shutdown port. Stopping the Server instance.
14-Sep-2026 09:55:58.227 INFO [main] org.apache.coyote.AbstractProtocol.pause Pausing ProtocolHandler ["http-nio-8080"]
14-Sep-2026 09:55:58.253 INFO [main] org.apache.catalina.core.StandardService.stopInternal Stopping service [Catalina]
14-Sep-2026 09:55:58.303 INFO [main] org.apache.coyote.AbstractProtocol.stop Stopping ProtocolHandler ["http-nio-8080"]
14-Sep-2026 09:55:58.321 INFO [main] org.apache.coyote.AbstractProtocol.destroy Destroying ProtocolHandler ["http-nio-8080"]
14-Sep-2026 09:56:09.294 INFO [main] org.apache.catalina.startup.VersionLoggerListener.log Server version name:   Apache Tomcat/8.5.96
14-Sep-2026 09:56:09.301 INFO [main] org.apache.catalina.startup.VersionLoggerListener.log Server built:          Nov 10 2023 14:56:59 UTC
14-Sep-2026 09:56:09.301 INFO [main] org.apache.catalina.startup.VersionLoggerListener.log Server version number: 8.5.96.0
14-Sep-2026 09:56:09.301 INFO [main] org.apache.catalina.startup.VersionLoggerListener.log OS Name:               Windows 11
14-Sep-2026 09:56:09.301 INFO [main] org.apache.catalina.startup.VersionLoggerListener.log OS Version:            10.0
14-Sep-2026 09:56:09.301 INFO [main] org.apache.catalina.startup.VersionLoggerListener.log Architecture:          amd64
14-Sep-2026 09:56:09.301 INFO [main] org.apache.catalina.startup.VersionLoggerListener.log Java Home:             C:\Program Files\Eclipse Adoptium\jdk-17.0.20.8-hotspot
14-Sep-2026 09:56:09.301 INFO [main] org.apache.catalina.startup.VersionLoggerListener.log JVM Version:           17.0.20+8
14-Sep-2026 09:56:09.301 INFO [main] org.apache.catalina.startup.VersionLoggerListener.log JVM Vendor:            Eclipse Adoptium
14-Sep-2026 09:56:09.301 INFO [main] org.apache.catalina.startup.VersionLoggerListener.log CATALINA_BASE:         D:\benedictmart\benedictmart\jerome_zom\tomcat
14-Sep-2026 09:56:09.301 INFO [main] org.apache.catalina.startup.VersionLoggerListener.log CATALINA_HOME:         D:\benedictmart\benedictmart\jerome_zom\tomcat
14-Sep-2026 09:56:09.301 INFO [main] org.apache.catalina.startup.VersionLoggerListener.log Command line argument: --add-opens=java.base/java.lang=ALL-UNNAMED
14-Sep-2026 09:56:09.307 INFO [main] org.apache.catalina.startup.VersionLoggerListener.log Command line argument: --add-opens=java.base/java.io=ALL-UNNAMED
14-Sep-2026 09:56:09.307 INFO [main] org.apache.catalina.startup.VersionLoggerListener.log Command line argument: --add-opens=java.base/java.util=ALL-UNNAMED
14-Sep-2026 09:56:09.307 INFO [main] org.apache.catalina.startup.VersionLoggerListener.log Command line argument: --add-opens=java.base/java.util.concurrent=ALL-UNNAMED
14-Sep-2026 09:56:09.308 INFO [main] org.apache.catalina.startup.VersionLoggerListener.log Command line argument: --add-opens=java.rmi/sun.rmi.transport=ALL-UNNAMED
14-Sep-2026 09:56:09.308 INFO [main] org.apache.catalina.startup.VersionLoggerListener.log Command line argument: -Djava.util.logging.config.file=D:\benedictmart\benedictmart\jerome_zom\tomcat\conf\logging.properties
14-Sep-2026 09:56:09.308 INFO [main] org.apache.catalina.startup.VersionLoggerListener.log Command line argument: -Djava.util.logging.manager=org.apache.juli.ClassLoaderLogManager
14-Sep-2026 09:56:09.308 INFO [main] org.apache.catalina.startup.VersionLoggerListener.log Command line argument: -Djdk.tls.ephemeralDHKeySize=2048
14-Sep-2026 09:56:09.309 INFO [main] org.apache.catalina.startup.VersionLoggerListener.log Command line argument: -Djava.protocol.handler.pkgs=org.apache.catalina.webresources
14-Sep-2026 09:56:09.309 INFO [main] org.apache.catalina.startup.VersionLoggerListener.log Command line argument: -Dignore.endorsed.dirs=
14-Sep-2026 09:56:09.309 INFO [main] org.apache.catalina.startup.VersionLoggerListener.log Command line argument: -Dcatalina.base=D:\benedictmart\benedictmart\jerome_zom\tomcat
14-Sep-2026 09:56:09.309 INFO [main] org.apache.catalina.startup.VersionLoggerListener.log Command line argument: -Dcatalina.home=D:\benedictmart\benedictmart\jerome_zom\tomcat
14-Sep-2026 09:56:09.309 INFO [main] org.apache.catalina.startup.VersionLoggerListener.log Command line argument: -Djava.io.tmpdir=D:\benedictmart\benedictmart\jerome_zom\tomcat\temp
14-Sep-2026 09:56:09.309 INFO [main] org.apache.catalina.core.AprLifecycleListener.lifecycleEvent Loaded Apache Tomcat Native library [1.3.8] using APR version [1.7.6].
14-Sep-2026 09:56:09.309 INFO [main] org.apache.catalina.core.AprLifecycleListener.lifecycleEvent APR capabilities: IPv6 [true], sendfile [true], accept filters [false], random [true], UDS [{4}].
14-Sep-2026 09:56:09.309 INFO [main] org.apache.catalina.core.AprLifecycleListener.lifecycleEvent APR/OpenSSL configuration: useAprConnector [false], useOpenSSL [true]
14-Sep-2026 09:56:09.316 INFO [main] org.apache.catalina.core.AprLifecycleListener.initializeSSL OpenSSL successfully initialized [OpenSSL 3.0.21 9 Jun 2026]
14-Sep-2026 09:56:09.372 INFO [main] org.apache.coyote.AbstractProtocol.init Initializing ProtocolHandler ["http-nio-8080"]
14-Sep-2026 09:56:09.414 INFO [main] org.apache.catalina.startup.Catalina.load Initialization processed in 649 ms
14-Sep-2026 09:56:09.509 INFO [main] org.apache.catalina.core.StandardService.startInternal Starting service [Catalina]
14-Sep-2026 09:56:09.509 INFO [main] org.apache.catalina.core.StandardEngine.startInternal Starting Servlet engine: [Apache Tomcat/8.5.96]
14-Sep-2026 09:56:09.552 INFO [localhost-startStop-1] org.apache.catalina.startup.HostConfig.deployWAR Deploying web application archive [D:\benedictmart\benedictmart\jerome_zom\tomcat\webapps\benedictjeromemart.war]
14-Sep-2026 09:56:12.984 WARNING [localhost-startStop-1] org.apache.tomcat.util.descriptor.web.WebXml.setVersion Unknown version string [4.0]. Default version will be used.
14-Sep-2026 09:56:14.572 INFO [localhost-startStop-1] org.apache.jasper.servlet.TldScanner.scanJars At least one JAR was scanned for TLDs yet contained no TLDs. Enable debug logging for this logger for a complete list of JARs that were scanned but no TLDs were found in them. Skipping unneeded JARs during scanning can improve startup time and JSP compilation time.
14-Sep-2026 09:56:14.735 INFO [localhost-startStop-1] org.apache.catalina.startup.HostConfig.deployWAR Deployment of web application archive [D:\benedictmart\benedictmart\jerome_zom\tomcat\webapps\benedictjeromemart.war] has finished in [5,180] ms
14-Sep-2026 09:56:14.735 INFO [localhost-startStop-1] org.apache.catalina.startup.HostConfig.deployWAR Deploying web application archive [D:\benedictmart\benedictmart\jerome_zom\tomcat\webapps\ROOT.war]
14-Sep-2026 09:56:14.813 WARNING [localhost-startStop-1] org.apache.tomcat.util.descriptor.web.WebXml.setVersion Unknown version string [4.0]. Default version will be used.
14-Sep-2026 09:56:15.923 INFO [localhost-startStop-1] org.apache.jasper.servlet.TldScanner.scanJars At least one JAR was scanned for TLDs yet contained no TLDs. Enable debug logging for this logger for a complete list of JARs that were scanned but no TLDs were found in them. Skipping unneeded JARs during scanning can improve startup time and JSP compilation time.
14-Sep-2026 09:56:15.972 INFO [localhost-startStop-1] org.apache.catalina.startup.HostConfig.deployWAR Deployment of web application archive [D:\benedictmart\benedictmart\jerome_zom\tomcat\webapps\ROOT.war] has finished in [1,237] ms
14-Sep-2026 09:56:15.976 INFO [localhost-startStop-1] org.apache.catalina.startup.HostConfig.deployDirectory Deploying web application directory [D:\benedictmart\benedictmart\jerome_zom\tomcat\webapps\docs]
14-Sep-2026 09:56:16.025 INFO [localhost-startStop-1] org.apache.catalina.startup.HostConfig.deployDirectory Deployment of web application directory [D:\benedictmart\benedictmart\jerome_zom\tomcat\webapps\docs] has finished in [49] ms
14-Sep-2026 09:56:16.028 INFO [localhost-startStop-1] org.apache.catalina.startup.HostConfig.deployDirectory Deploying web application directory [D:\benedictmart\benedictmart\jerome_zom\tomcat\webapps\examples]
14-Sep-2026 09:56:16.359 INFO [localhost-startStop-1] org.apache.catalina.startup.HostConfig.deployDirectory Deployment of web application directory [D:\benedictmart\benedictmart\jerome_zom\tomcat\webapps\examples] has finished in [329] ms
14-Sep-2026 09:56:16.359 INFO [localhost-startStop-1] org.apache.catalina.startup.HostConfig.deployDirectory Deploying web application directory [D:\benedictmart\benedictmart\jerome_zom\tomcat\webapps\host-manager]
14-Sep-2026 09:56:16.405 INFO [localhost-startStop-1] org.apache.catalina.startup.HostConfig.deployDirectory Deployment of web application directory [D:\benedictmart\benedictmart\jerome_zom\tomcat\webapps\host-manager] has finished in [46] ms
14-Sep-2026 09:56:16.405 INFO [localhost-startStop-1] org.apache.catalina.startup.HostConfig.deployDirectory Deploying web application directory [D:\benedictmart\benedictmart\jerome_zom\tomcat\webapps\manager]
14-Sep-2026 09:56:16.447 INFO [localhost-startStop-1] org.apache.catalina.startup.HostConfig.deployDirectory Deployment of web application directory [D:\benedictmart\benedictmart\jerome_zom\tomcat\webapps\manager] has finished in [42] ms
14-Sep-2026 09:56:16.454 INFO [main] org.apache.coyote.AbstractProtocol.start Starting ProtocolHandler ["http-nio-8080"]
14-Sep-2026 09:56:16.527 INFO [main] org.apache.catalina.startup.Catalina.start Server startup in 7112 ms
14-Sep-2026 09:59:28.855 INFO [main] org.apache.catalina.core.StandardServer.await A valid shutdown command was received via the shutdown port. Stopping the Server instance.
14-Sep-2026 09:59:28.855 INFO [main] org.apache.coyote.AbstractProtocol.pause Pausing ProtocolHandler ["http-nio-8080"]
14-Sep-2026 09:59:28.872 INFO [main] org.apache.catalina.core.StandardService.stopInternal Stopping service [Catalina]
14-Sep-2026 09:59:28.911 INFO [main] org.apache.coyote.AbstractProtocol.stop Stopping ProtocolHandler ["http-nio-8080"]
14-Sep-2026 09:59:28.928 INFO [main] org.apache.coyote.AbstractProtocol.destroy Destroying ProtocolHandler ["http-nio-8080"]
14-Sep-2026 09:59:39.905 INFO [main] org.apache.catalina.startup.VersionLoggerListener.log Server version name:   Apache Tomcat/8.5.96
14-Sep-2026 09:59:39.910 INFO [main] org.apache.catalina.startup.VersionLoggerListener.log Server built:          Nov 10 2023 14:56:59 UTC
14-Sep-2026 09:59:39.910 INFO [main] org.apache.catalina.startup.VersionLoggerListener.log Server version number: 8.5.96.0
14-Sep-2026 09:59:39.911 INFO [main] org.apache.catalina.startup.VersionLoggerListener.log OS Name:               Windows 11
14-Sep-2026 09:59:39.911 INFO [main] org.apache.catalina.startup.VersionLoggerListener.log OS Version:            10.0
14-Sep-2026 09:59:39.911 INFO [main] org.apache.catalina.startup.VersionLoggerListener.log Architecture:          amd64
14-Sep-2026 09:59:39.911 INFO [main] org.apache.catalina.startup.VersionLoggerListener.log Java Home:             C:\Program Files\Eclipse Adoptium\jdk-17.0.20.8-hotspot
14-Sep-2026 09:59:39.911 INFO [main] org.apache.catalina.startup.VersionLoggerListener.log JVM Version:           17.0.20+8
14-Sep-2026 09:59:39.912 INFO [main] org.apache.catalina.startup.VersionLoggerListener.log JVM Vendor:            Eclipse Adoptium
14-Sep-2026 09:59:39.912 INFO [main] org.apache.catalina.startup.VersionLoggerListener.log CATALINA_BASE:         D:\benedictmart\benedictmart\jerome_zom\tomcat
14-Sep-2026 09:59:39.912 INFO [main] org.apache.catalina.startup.VersionLoggerListener.log CATALINA_HOME:         D:\benedictmart\benedictmart\jerome_zom\tomcat
14-Sep-2026 09:59:39.913 INFO [main] org.apache.catalina.startup.VersionLoggerListener.log Command line argument: --add-opens=java.base/java.lang=ALL-UNNAMED
14-Sep-2026 09:59:39.913 INFO [main] org.apache.catalina.startup.VersionLoggerListener.log Command line argument: --add-opens=java.base/java.io=ALL-UNNAMED
14-Sep-2026 09:59:39.913 INFO [main] org.apache.catalina.startup.VersionLoggerListener.log Command line argument: --add-opens=java.base/java.util=ALL-UNNAMED
14-Sep-2026 09:59:39.914 INFO [main] org.apache.catalina.startup.VersionLoggerListener.log Command line argument: --add-opens=java.base/java.util.concurrent=ALL-UNNAMED
14-Sep-2026 09:59:39.914 INFO [main] org.apache.catalina.startup.VersionLoggerListener.log Command line argument: --add-opens=java.rmi/sun.rmi.transport=ALL-UNNAMED
14-Sep-2026 09:59:39.914 INFO [main] org.apache.catalina.startup.VersionLoggerListener.log Command line argument: -Djava.util.logging.config.file=D:\benedictmart\benedictmart\jerome_zom\tomcat\conf\logging.properties
14-Sep-2026 09:59:39.914 INFO [main] org.apache.catalina.startup.VersionLoggerListener.log Command line argument: -Djava.util.logging.manager=org.apache.juli.ClassLoaderLogManager
14-Sep-2026 09:59:39.916 INFO [main] org.apache.catalina.startup.VersionLoggerListener.log Command line argument: -Djdk.tls.ephemeralDHKeySize=2048
14-Sep-2026 09:59:39.916 INFO [main] org.apache.catalina.startup.VersionLoggerListener.log Command line argument: -Djava.protocol.handler.pkgs=org.apache.catalina.webresources
14-Sep-2026 09:59:39.916 INFO [main] org.apache.catalina.startup.VersionLoggerListener.log Command line argument: -Dignore.endorsed.dirs=
14-Sep-2026 09:59:39.916 INFO [main] org.apache.catalina.startup.VersionLoggerListener.log Command line argument: -Dcatalina.base=D:\benedictmart\benedictmart\jerome_zom\tomcat
14-Sep-2026 09:59:39.917 INFO [main] org.apache.catalina.startup.VersionLoggerListener.log Command line argument: -Dcatalina.home=D:\benedictmart\benedictmart\jerome_zom\tomcat
14-Sep-2026 09:59:39.917 INFO [main] org.apache.catalina.startup.VersionLoggerListener.log Command line argument: -Djava.io.tmpdir=D:\benedictmart\benedictmart\jerome_zom\tomcat\temp
14-Sep-2026 09:59:39.917 INFO [main] org.apache.catalina.core.AprLifecycleListener.lifecycleEvent Loaded Apache Tomcat Native library [1.3.8] using APR version [1.7.6].
14-Sep-2026 09:59:39.917 INFO [main] org.apache.catalina.core.AprLifecycleListener.lifecycleEvent APR capabilities: IPv6 [true], sendfile [true], accept filters [false], random [true], UDS [{4}].
14-Sep-2026 09:59:39.917 INFO [main] org.apache.catalina.core.AprLifecycleListener.lifecycleEvent APR/OpenSSL configuration: useAprConnector [false], useOpenSSL [true]
14-Sep-2026 09:59:39.923 INFO [main] org.apache.catalina.core.AprLifecycleListener.initializeSSL OpenSSL successfully initialized [OpenSSL 3.0.21 9 Jun 2026]
14-Sep-2026 09:59:39.967 INFO [main] org.apache.coyote.AbstractProtocol.init Initializing ProtocolHandler ["http-nio-8080"]
14-Sep-2026 09:59:40.008 INFO [main] org.apache.catalina.startup.Catalina.load Initialization processed in 610 ms
14-Sep-2026 09:59:40.075 INFO [main] org.apache.catalina.core.StandardService.startInternal Starting service [Catalina]
14-Sep-2026 09:59:40.075 INFO [main] org.apache.catalina.core.StandardEngine.startInternal Starting Servlet engine: [Apache Tomcat/8.5.96]
14-Sep-2026 09:59:40.120 INFO [localhost-startStop-1] org.apache.catalina.startup.HostConfig.deployWAR Deploying web application archive [D:\benedictmart\benedictmart\jerome_zom\tomcat\webapps\benedictjeromemart.war]
14-Sep-2026 09:59:43.619 WARNING [localhost-startStop-1] org.apache.tomcat.util.descriptor.web.WebXml.setVersion Unknown version string [4.0]. Default version will be used.
14-Sep-2026 09:59:45.115 INFO [localhost-startStop-1] org.apache.jasper.servlet.TldScanner.scanJars At least one JAR was scanned for TLDs yet contained no TLDs. Enable debug logging for this logger for a complete list of JARs that were scanned but no TLDs were found in them. Skipping unneeded JARs during scanning can improve startup time and JSP compilation time.
14-Sep-2026 09:59:45.258 INFO [localhost-startStop-1] org.apache.catalina.startup.HostConfig.deployWAR Deployment of web application archive [D:\benedictmart\benedictmart\jerome_zom\tomcat\webapps\benedictjeromemart.war] has finished in [5,136] ms
14-Sep-2026 09:59:45.261 INFO [localhost-startStop-1] org.apache.catalina.startup.HostConfig.deployWAR Deploying web application archive [D:\benedictmart\benedictmart\jerome_zom\tomcat\webapps\ROOT.war]
14-Sep-2026 09:59:45.338 WARNING [localhost-startStop-1] org.apache.tomcat.util.descriptor.web.WebXml.setVersion Unknown version string [4.0]. Default version will be used.
14-Sep-2026 09:59:46.602 INFO [localhost-startStop-1] org.apache.jasper.servlet.TldScanner.scanJars At least one JAR was scanned for TLDs yet contained no TLDs. Enable debug logging for this logger for a complete list of JARs that were scanned but no TLDs were found in them. Skipping unneeded JARs during scanning can improve startup time and JSP compilation time.
14-Sep-2026 09:59:46.630 INFO [localhost-startStop-1] org.apache.catalina.startup.HostConfig.deployWAR Deployment of web application archive [D:\benedictmart\benedictmart\jerome_zom\tomcat\webapps\ROOT.war] has finished in [1,369] ms
14-Sep-2026 09:59:46.633 INFO [localhost-startStop-1] org.apache.catalina.startup.HostConfig.deployDirectory Deploying web application directory [D:\benedictmart\benedictmart\jerome_zom\tomcat\webapps\docs]
14-Sep-2026 09:59:46.667 INFO [localhost-startStop-1] org.apache.catalina.startup.HostConfig.deployDirectory Deployment of web application directory [D:\benedictmart\benedictmart\jerome_zom\tomcat\webapps\docs] has finished in [37] ms
14-Sep-2026 09:59:46.672 INFO [localhost-startStop-1] org.apache.catalina.startup.HostConfig.deployDirectory Deploying web application directory [D:\benedictmart\benedictmart\jerome_zom\tomcat\webapps\examples]
14-Sep-2026 09:59:47.011 INFO [localhost-startStop-1] org.apache.catalina.startup.HostConfig.deployDirectory Deployment of web application directory [D:\benedictmart\benedictmart\jerome_zom\tomcat\webapps\examples] has finished in [339] ms
14-Sep-2026 09:59:47.011 INFO [localhost-startStop-1] org.apache.catalina.startup.HostConfig.deployDirectory Deploying web application directory [D:\benedictmart\benedictmart\jerome_zom\tomcat\webapps\host-manager]
14-Sep-2026 09:59:47.060 INFO [localhost-startStop-1] org.apache.catalina.startup.HostConfig.deployDirectory Deployment of web application directory [D:\benedictmart\benedictmart\jerome_zom\tomcat\webapps\host-manager] has finished in [49] ms
14-Sep-2026 09:59:47.060 INFO [localhost-startStop-1] org.apache.catalina.startup.HostConfig.deployDirectory Deploying web application directory [D:\benedictmart\benedictmart\jerome_zom\tomcat\webapps\manager]
14-Sep-2026 09:59:47.103 INFO [localhost-startStop-1] org.apache.catalina.startup.HostConfig.deployDirectory Deployment of web application directory [D:\benedictmart\benedictmart\jerome_zom\tomcat\webapps\manager] has finished in [43] ms
14-Sep-2026 09:59:47.109 INFO [main] org.apache.coyote.AbstractProtocol.start Starting ProtocolHandler ["http-nio-8080"]
14-Sep-2026 09:59:47.171 INFO [main] org.apache.catalina.startup.Catalina.start Server startup in 7162 ms
14-Sep-2026 10:14:08.304 INFO [main] org.apache.catalina.core.StandardServer.await A valid shutdown command was received via the shutdown port. Stopping the Server instance.
14-Sep-2026 10:14:08.306 INFO [main] org.apache.coyote.AbstractProtocol.pause Pausing ProtocolHandler ["http-nio-8080"]
14-Sep-2026 10:14:08.334 INFO [main] org.apache.catalina.core.StandardService.stopInternal Stopping service [Catalina]
14-Sep-2026 10:14:08.407 INFO [main] org.apache.coyote.AbstractProtocol.stop Stopping ProtocolHandler ["http-nio-8080"]
14-Sep-2026 10:14:08.420 INFO [main] org.apache.coyote.AbstractProtocol.destroy Destroying ProtocolHandler ["http-nio-8080"]
14-Sep-2026 10:14:21.343 INFO [main] org.apache.catalina.startup.VersionLoggerListener.log Server version name:   Apache Tomcat/8.5.96
14-Sep-2026 10:14:21.350 INFO [main] org.apache.catalina.startup.VersionLoggerListener.log Server built:          Nov 10 2023 14:56:59 UTC
14-Sep-2026 10:14:21.351 INFO [main] org.apache.catalina.startup.VersionLoggerListener.log Server version number: 8.5.96.0
14-Sep-2026 10:14:21.351 INFO [main] org.apache.catalina.startup.VersionLoggerListener.log OS Name:               Windows 11
14-Sep-2026 10:14:21.351 INFO [main] org.apache.catalina.startup.VersionLoggerListener.log OS Version:            10.0
14-Sep-2026 10:14:21.351 INFO [main] org.apache.catalina.startup.VersionLoggerListener.log Architecture:          amd64
14-Sep-2026 10:14:21.351 INFO [main] org.apache.catalina.startup.VersionLoggerListener.log Java Home:             C:\Program Files\Eclipse Adoptium\jdk-17.0.20.8-hotspot
14-Sep-2026 10:14:21.351 INFO [main] org.apache.catalina.startup.VersionLoggerListener.log JVM Version:           17.0.20+8
14-Sep-2026 10:14:21.351 INFO [main] org.apache.catalina.startup.VersionLoggerListener.log JVM Vendor:            Eclipse Adoptium
14-Sep-2026 10:14:21.351 INFO [main] org.apache.catalina.startup.VersionLoggerListener.log CATALINA_BASE:         D:\benedictmart\benedictmart\jerome_zom\tomcat
14-Sep-2026 10:14:21.351 INFO [main] org.apache.catalina.startup.VersionLoggerListener.log CATALINA_HOME:         D:\benedictmart\benedictmart\jerome_zom\tomcat
14-Sep-2026 10:14:21.354 INFO [main] org.apache.catalina.startup.VersionLoggerListener.log Command line argument: --add-opens=java.base/java.lang=ALL-UNNAMED
14-Sep-2026 10:14:21.356 INFO [main] org.apache.catalina.startup.VersionLoggerListener.log Command line argument: --add-opens=java.base/java.io=ALL-UNNAMED
14-Sep-2026 10:14:21.356 INFO [main] org.apache.catalina.startup.VersionLoggerListener.log Command line argument: --add-opens=java.base/java.util=ALL-UNNAMED
14-Sep-2026 10:14:21.356 INFO [main] org.apache.catalina.startup.VersionLoggerListener.log Command line argument: --add-opens=java.base/java.util.concurrent=ALL-UNNAMED
14-Sep-2026 10:14:21.358 INFO [main] org.apache.catalina.startup.VersionLoggerListener.log Command line argument: --add-opens=java.rmi/sun.rmi.transport=ALL-UNNAMED
14-Sep-2026 10:14:21.358 INFO [main] org.apache.catalina.startup.VersionLoggerListener.log Command line argument: -Djava.util.logging.config.file=D:\benedictmart\benedictmart\jerome_zom\tomcat\conf\logging.properties
14-Sep-2026 10:14:21.358 INFO [main] org.apache.catalina.startup.VersionLoggerListener.log Command line argument: -Djava.util.logging.manager=org.apache.juli.ClassLoaderLogManager
14-Sep-2026 10:14:21.358 INFO [main] org.apache.catalina.startup.VersionLoggerListener.log Command line argument: -Djdk.tls.ephemeralDHKeySize=2048
14-Sep-2026 10:14:21.358 INFO [main] org.apache.catalina.startup.VersionLoggerListener.log Command line argument: -Djava.protocol.handler.pkgs=org.apache.catalina.webresources
14-Sep-2026 10:14:21.358 INFO [main] org.apache.catalina.startup.VersionLoggerListener.log Command line argument: -Dignore.endorsed.dirs=
14-Sep-2026 10:14:21.360 INFO [main] org.apache.catalina.startup.VersionLoggerListener.log Command line argument: -Dcatalina.base=D:\benedictmart\benedictmart\jerome_zom\tomcat
14-Sep-2026 10:14:21.360 INFO [main] org.apache.catalina.startup.VersionLoggerListener.log Command line argument: -Dcatalina.home=D:\benedictmart\benedictmart\jerome_zom\tomcat
14-Sep-2026 10:14:21.360 INFO [main] org.apache.catalina.startup.VersionLoggerListener.log Command line argument: -Djava.io.tmpdir=D:\benedictmart\benedictmart\jerome_zom\tomcat\temp
14-Sep-2026 10:14:21.360 INFO [main] org.apache.catalina.core.AprLifecycleListener.lifecycleEvent Loaded Apache Tomcat Native library [1.3.8] using APR version [1.7.6].
14-Sep-2026 10:14:21.360 INFO [main] org.apache.catalina.core.AprLifecycleListener.lifecycleEvent APR capabilities: IPv6 [true], sendfile [true], accept filters [false], random [true], UDS [{4}].
14-Sep-2026 10:14:21.360 INFO [main] org.apache.catalina.core.AprLifecycleListener.lifecycleEvent APR/OpenSSL configuration: useAprConnector [false], useOpenSSL [true]
14-Sep-2026 10:14:21.369 INFO [main] org.apache.catalina.core.AprLifecycleListener.initializeSSL OpenSSL successfully initialized [OpenSSL 3.0.21 9 Jun 2026]
14-Sep-2026 10:14:21.439 INFO [main] org.apache.coyote.AbstractProtocol.init Initializing ProtocolHandler ["http-nio-8080"]
14-Sep-2026 10:14:21.477 INFO [main] org.apache.catalina.startup.Catalina.load Initialization processed in 782 ms
14-Sep-2026 10:14:21.539 INFO [main] org.apache.catalina.core.StandardService.startInternal Starting service [Catalina]
14-Sep-2026 10:14:21.539 INFO [main] org.apache.catalina.core.StandardEngine.startInternal Starting Servlet engine: [Apache Tomcat/8.5.96]
14-Sep-2026 10:14:21.574 INFO [localhost-startStop-1] org.apache.catalina.startup.HostConfig.deployWAR Deploying web application archive [D:\benedictmart\benedictmart\jerome_zom\tomcat\webapps\ROOT.war]
14-Sep-2026 10:14:21.857 WARNING [localhost-startStop-1] org.apache.tomcat.util.descriptor.web.WebXml.setVersion Unknown version string [4.0]. Default version will be used.
14-Sep-2026 10:14:24.361 INFO [localhost-startStop-1] org.apache.jasper.servlet.TldScanner.scanJars At least one JAR was scanned for TLDs yet contained no TLDs. Enable debug logging for this logger for a complete list of JARs that were scanned but no TLDs were found in them. Skipping unneeded JARs during scanning can improve startup time and JSP compilation time.
14-Sep-2026 10:14:24.593 WARNING [localhost-startStop-1] org.apache.catalina.util.SessionIdGeneratorBase.createSecureRandom Creation of SecureRandom instance for session ID generation using [SHA1PRNG] took [136] milliseconds.
14-Sep-2026 10:14:24.687 INFO [localhost-startStop-1] org.apache.catalina.startup.HostConfig.deployWAR Deployment of web application archive [D:\benedictmart\benedictmart\jerome_zom\tomcat\webapps\ROOT.war] has finished in [3,113] ms
14-Sep-2026 10:14:24.693 INFO [localhost-startStop-1] org.apache.catalina.startup.HostConfig.deployDirectory Deploying web application directory [D:\benedictmart\benedictmart\jerome_zom\tomcat\webapps\docs]
14-Sep-2026 10:14:24.782 INFO [localhost-startStop-1] org.apache.catalina.startup.HostConfig.deployDirectory Deployment of web application directory [D:\benedictmart\benedictmart\jerome_zom\tomcat\webapps\docs] has finished in [89] ms
14-Sep-2026 10:14:24.783 INFO [localhost-startStop-1] org.apache.catalina.startup.HostConfig.deployDirectory Deploying web application directory [D:\benedictmart\benedictmart\jerome_zom\tomcat\webapps\examples]
14-Sep-2026 10:14:25.655 INFO [localhost-startStop-1] org.apache.catalina.startup.HostConfig.deployDirectory Deployment of web application directory [D:\benedictmart\benedictmart\jerome_zom\tomcat\webapps\examples] has finished in [871] ms
14-Sep-2026 10:14:25.656 INFO [localhost-startStop-1] org.apache.catalina.startup.HostConfig.deployDirectory Deploying web application directory [D:\benedictmart\benedictmart\jerome_zom\tomcat\webapps\host-manager]
14-Sep-2026 10:14:25.755 INFO [localhost-startStop-1] org.apache.catalina.startup.HostConfig.deployDirectory Deployment of web application directory [D:\benedictmart\benedictmart\jerome_zom\tomcat\webapps\host-manager] has finished in [98] ms
14-Sep-2026 10:14:25.756 INFO [localhost-startStop-1] org.apache.catalina.startup.HostConfig.deployDirectory Deploying web application directory [D:\benedictmart\benedictmart\jerome_zom\tomcat\webapps\manager]
14-Sep-2026 10:14:25.837 INFO [localhost-startStop-1] org.apache.catalina.startup.HostConfig.deployDirectory Deployment of web application directory [D:\benedictmart\benedictmart\jerome_zom\tomcat\webapps\manager] has finished in [82] ms
14-Sep-2026 10:14:25.846 INFO [main] org.apache.coyote.AbstractProtocol.start Starting ProtocolHandler ["http-nio-8080"]
14-Sep-2026 10:14:25.994 INFO [main] org.apache.catalina.startup.Catalina.start Server startup in 4513 ms
14-Sep-2026 10:15:33.280 INFO [main] org.apache.catalina.core.StandardServer.await A valid shutdown command was received via the shutdown port. Stopping the Server instance.
14-Sep-2026 10:15:33.281 INFO [main] org.apache.coyote.AbstractProtocol.pause Pausing ProtocolHandler ["http-nio-8080"]
14-Sep-2026 10:15:33.319 INFO [main] org.apache.catalina.core.StandardService.stopInternal Stopping service [Catalina]
14-Sep-2026 10:15:33.386 INFO [main] org.apache.coyote.AbstractProtocol.stop Stopping ProtocolHandler ["http-nio-8080"]
14-Sep-2026 10:15:33.420 INFO [main] org.apache.coyote.AbstractProtocol.destroy Destroying ProtocolHandler ["http-nio-8080"]
14-Sep-2026 10:15:54.699 INFO [main] org.apache.catalina.startup.VersionLoggerListener.log Server version name:   Apache Tomcat/8.5.96
14-Sep-2026 10:15:54.709 INFO [main] org.apache.catalina.startup.VersionLoggerListener.log Server built:          Nov 10 2023 14:56:59 UTC
14-Sep-2026 10:15:54.711 INFO [main] org.apache.catalina.startup.VersionLoggerListener.log Server version number: 8.5.96.0
14-Sep-2026 10:15:54.712 INFO [main] org.apache.catalina.startup.VersionLoggerListener.log OS Name:               Windows 11
14-Sep-2026 10:15:54.713 INFO [main] org.apache.catalina.startup.VersionLoggerListener.log OS Version:            10.0
14-Sep-2026 10:15:54.714 INFO [main] org.apache.catalina.startup.VersionLoggerListener.log Architecture:          amd64
14-Sep-2026 10:15:54.715 INFO [main] org.apache.catalina.startup.VersionLoggerListener.log Java Home:             C:\Program Files\Eclipse Adoptium\jdk-17.0.20.8-hotspot
14-Sep-2026 10:15:54.716 INFO [main] org.apache.catalina.startup.VersionLoggerListener.log JVM Version:           17.0.20+8
14-Sep-2026 10:15:54.717 INFO [main] org.apache.catalina.startup.VersionLoggerListener.log JVM Vendor:            Eclipse Adoptium
14-Sep-2026 10:15:54.718 INFO [main] org.apache.catalina.startup.VersionLoggerListener.log CATALINA_BASE:         D:\benedictmart\benedictmart\jerome_zom\tomcat
14-Sep-2026 10:15:54.718 INFO [main] org.apache.catalina.startup.VersionLoggerListener.log CATALINA_HOME:         D:\benedictmart\benedictmart\jerome_zom\tomcat
14-Sep-2026 10:15:54.720 INFO [main] org.apache.catalina.startup.VersionLoggerListener.log Command line argument: --add-opens=java.base/java.lang=ALL-UNNAMED
14-Sep-2026 10:15:54.720 INFO [main] org.apache.catalina.startup.VersionLoggerListener.log Command line argument: --add-opens=java.base/java.io=ALL-UNNAMED
14-Sep-2026 10:15:54.721 INFO [main] org.apache.catalina.startup.VersionLoggerListener.log Command line argument: --add-opens=java.base/java.util=ALL-UNNAMED
14-Sep-2026 10:15:54.722 INFO [main] org.apache.catalina.startup.VersionLoggerListener.log Command line argument: --add-opens=java.base/java.util.concurrent=ALL-UNNAMED
14-Sep-2026 10:15:54.724 INFO [main] org.apache.catalina.startup.VersionLoggerListener.log Command line argument: --add-opens=java.rmi/sun.rmi.transport=ALL-UNNAMED
14-Sep-2026 10:15:54.726 INFO [main] org.apache.catalina.startup.VersionLoggerListener.log Command line argument: -Djava.util.logging.config.file=D:\benedictmart\benedictmart\jerome_zom\tomcat\conf\logging.properties
14-Sep-2026 10:15:54.727 INFO [main] org.apache.catalina.startup.VersionLoggerListener.log Command line argument: -Djava.util.logging.manager=org.apache.juli.ClassLoaderLogManager
14-Sep-2026 10:15:54.728 INFO [main] org.apache.catalina.startup.VersionLoggerListener.log Command line argument: -Djdk.tls.ephemeralDHKeySize=2048
14-Sep-2026 10:15:54.729 INFO [main] org.apache.catalina.startup.VersionLoggerListener.log Command line argument: -Djava.protocol.handler.pkgs=org.apache.catalina.webresources
14-Sep-2026 10:15:54.730 INFO [main] org.apache.catalina.startup.VersionLoggerListener.log Command line argument: -Dignore.endorsed.dirs=
14-Sep-2026 10:15:54.730 INFO [main] org.apache.catalina.startup.VersionLoggerListener.log Command line argument: -Dcatalina.base=D:\benedictmart\benedictmart\jerome_zom\tomcat
14-Sep-2026 10:15:54.731 INFO [main] org.apache.catalina.startup.VersionLoggerListener.log Command line argument: -Dcatalina.home=D:\benedictmart\benedictmart\jerome_zom\tomcat
14-Sep-2026 10:15:54.732 INFO [main] org.apache.catalina.startup.VersionLoggerListener.log Command line argument: -Djava.io.tmpdir=D:\benedictmart\benedictmart\jerome_zom\tomcat\temp
14-Sep-2026 10:15:54.733 INFO [main] org.apache.catalina.core.AprLifecycleListener.lifecycleEvent Loaded Apache Tomcat Native library [1.3.8] using APR version [1.7.6].
14-Sep-2026 10:15:54.734 INFO [main] org.apache.catalina.core.AprLifecycleListener.lifecycleEvent APR capabilities: IPv6 [true], sendfile [true], accept filters [false], random [true], UDS [{4}].
14-Sep-2026 10:15:54.735 INFO [main] org.apache.catalina.core.AprLifecycleListener.lifecycleEvent APR/OpenSSL configuration: useAprConnector [false], useOpenSSL [true]
14-Sep-2026 10:15:54.764 INFO [main] org.apache.catalina.core.AprLifecycleListener.initializeSSL OpenSSL successfully initialized [OpenSSL 3.0.21 9 Jun 2026]
14-Sep-2026 10:15:54.885 INFO [main] org.apache.coyote.AbstractProtocol.init Initializing ProtocolHandler ["http-nio-8080"]
14-Sep-2026 10:15:54.966 INFO [main] org.apache.catalina.startup.Catalina.load Initialization processed in 1310 ms
14-Sep-2026 10:15:55.082 INFO [main] org.apache.catalina.core.StandardService.startInternal Starting service [Catalina]
14-Sep-2026 10:15:55.083 INFO [main] org.apache.catalina.core.StandardEngine.startInternal Starting Servlet engine: [Apache Tomcat/8.5.96]
14-Sep-2026 10:15:55.147 INFO [localhost-startStop-1] org.apache.catalina.startup.HostConfig.deployWAR Deploying web application archive [D:\benedictmart\benedictmart\jerome_zom\tomcat\webapps\ROOT.war]
14-Sep-2026 10:15:55.688 WARNING [localhost-startStop-1] org.apache.tomcat.util.descriptor.web.WebXml.setVersion Unknown version string [4.0]. Default version will be used.
14-Sep-2026 10:16:00.464 INFO [localhost-startStop-1] org.apache.jasper.servlet.TldScanner.scanJars At least one JAR was scanned for TLDs yet contained no TLDs. Enable debug logging for this logger for a complete list of JARs that were scanned but no TLDs were found in them. Skipping unneeded JARs during scanning can improve startup time and JSP compilation time.
14-Sep-2026 10:16:00.829 WARNING [localhost-startStop-1] org.apache.catalina.util.SessionIdGeneratorBase.createSecureRandom Creation of SecureRandom instance for session ID generation using [SHA1PRNG] took [192] milliseconds.
14-Sep-2026 10:16:01.581 INFO [localhost-startStop-1] org.apache.catalina.startup.HostConfig.deployWAR Deployment of web application archive [D:\benedictmart\benedictmart\jerome_zom\tomcat\webapps\ROOT.war] has finished in [6,429] ms
14-Sep-2026 10:16:01.597 INFO [localhost-startStop-1] org.apache.catalina.startup.HostConfig.deployDirectory Deploying web application directory [D:\benedictmart\benedictmart\jerome_zom\tomcat\webapps\docs]
14-Sep-2026 10:16:01.949 INFO [localhost-startStop-1] org.apache.catalina.startup.HostConfig.deployDirectory Deployment of web application directory [D:\benedictmart\benedictmart\jerome_zom\tomcat\webapps\docs] has finished in [354] ms
14-Sep-2026 10:16:01.950 INFO [localhost-startStop-1] org.apache.catalina.startup.HostConfig.deployDirectory Deploying web application directory [D:\benedictmart\benedictmart\jerome_zom\tomcat\webapps\examples]
14-Sep-2026 10:16:03.245 INFO [localhost-startStop-1] org.apache.catalina.startup.HostConfig.deployDirectory Deployment of web application directory [D:\benedictmart\benedictmart\jerome_zom\tomcat\webapps\examples] has finished in [1,295] ms
14-Sep-2026 10:16:03.246 INFO [localhost-startStop-1] org.apache.catalina.startup.HostConfig.deployDirectory Deploying web application directory [D:\benedictmart\benedictmart\jerome_zom\tomcat\webapps\host-manager]
14-Sep-2026 10:16:03.424 INFO [localhost-startStop-1] org.apache.catalina.startup.HostConfig.deployDirectory Deployment of web application directory [D:\benedictmart\benedictmart\jerome_zom\tomcat\webapps\host-manager] has finished in [177] ms
14-Sep-2026 10:16:03.427 INFO [localhost-startStop-1] org.apache.catalina.startup.HostConfig.deployDirectory Deploying web application directory [D:\benedictmart\benedictmart\jerome_zom\tomcat\webapps\manager]
14-Sep-2026 10:16:03.664 INFO [localhost-startStop-1] org.apache.catalina.startup.HostConfig.deployDirectory Deployment of web application directory [D:\benedictmart\benedictmart\jerome_zom\tomcat\webapps\manager] has finished in [237] ms
14-Sep-2026 10:16:03.678 INFO [main] org.apache.coyote.AbstractProtocol.start Starting ProtocolHandler ["http-nio-8080"]
14-Sep-2026 10:16:04.102 INFO [main] org.apache.catalina.startup.Catalina.start Server startup in 9133 ms
14-Sep-2026 10:18:04.601 INFO [main] org.apache.catalina.core.StandardServer.await A valid shutdown command was received via the shutdown port. Stopping the Server instance.
14-Sep-2026 10:18:04.607 INFO [main] org.apache.coyote.AbstractProtocol.pause Pausing ProtocolHandler ["http-nio-8080"]
14-Sep-2026 10:18:04.728 INFO [main] org.apache.catalina.core.StandardService.stopInternal Stopping service [Catalina]
14-Sep-2026 10:18:04.975 INFO [main] org.apache.coyote.AbstractProtocol.stop Stopping ProtocolHandler ["http-nio-8080"]
14-Sep-2026 10:18:05.016 INFO [main] org.apache.coyote.AbstractProtocol.destroy Destroying ProtocolHandler ["http-nio-8080"]
14-Sep-2026 10:18:54.292 INFO [main] org.apache.catalina.startup.VersionLoggerListener.log Server version name:   Apache Tomcat/8.5.96
14-Sep-2026 10:18:54.335 INFO [main] org.apache.catalina.startup.VersionLoggerListener.log Server built:          Nov 10 2023 14:56:59 UTC
14-Sep-2026 10:18:54.344 INFO [main] org.apache.catalina.startup.VersionLoggerListener.log Server version number: 8.5.96.0
14-Sep-2026 10:18:54.351 INFO [main] org.apache.catalina.startup.VersionLoggerListener.log OS Name:               Windows 11
14-Sep-2026 10:18:54.354 INFO [main] org.apache.catalina.startup.VersionLoggerListener.log OS Version:            10.0
14-Sep-2026 10:18:54.358 INFO [main] org.apache.catalina.startup.VersionLoggerListener.log Architecture:          amd64
14-Sep-2026 10:18:54.361 INFO [main] org.apache.catalina.startup.VersionLoggerListener.log Java Home:             C:\Program Files\Eclipse Adoptium\jdk-17.0.20.8-hotspot
14-Sep-2026 10:18:54.362 INFO [main] org.apache.catalina.startup.VersionLoggerListener.log JVM Version:           17.0.20+8
14-Sep-2026 10:18:54.367 INFO [main] org.apache.catalina.startup.VersionLoggerListener.log JVM Vendor:            Eclipse Adoptium
14-Sep-2026 10:18:54.370 INFO [main] org.apache.catalina.startup.VersionLoggerListener.log CATALINA_BASE:         D:\benedictmart\benedictmart\jerome_zom\tomcat
14-Sep-2026 10:18:54.375 INFO [main] org.apache.catalina.startup.VersionLoggerListener.log CATALINA_HOME:         D:\benedictmart\benedictmart\jerome_zom\tomcat
14-Sep-2026 10:18:54.386 INFO [main] org.apache.catalina.startup.VersionLoggerListener.log Command line argument: --add-opens=java.base/java.lang=ALL-UNNAMED
14-Sep-2026 10:18:54.392 INFO [main] org.apache.catalina.startup.VersionLoggerListener.log Command line argument: --add-opens=java.base/java.io=ALL-UNNAMED
14-Sep-2026 10:18:54.396 INFO [main] org.apache.catalina.startup.VersionLoggerListener.log Command line argument: --add-opens=java.base/java.util=ALL-UNNAMED
14-Sep-2026 10:18:54.398 INFO [main] org.apache.catalina.startup.VersionLoggerListener.log Command line argument: --add-opens=java.base/java.util.concurrent=ALL-UNNAMED
14-Sep-2026 10:18:54.400 INFO [main] org.apache.catalina.startup.VersionLoggerListener.log Command line argument: --add-opens=java.rmi/sun.rmi.transport=ALL-UNNAMED
14-Sep-2026 10:18:54.409 INFO [main] org.apache.catalina.startup.VersionLoggerListener.log Command line argument: -Djava.util.logging.config.file=D:\benedictmart\benedictmart\jerome_zom\tomcat\conf\logging.properties
14-Sep-2026 10:18:54.414 INFO [main] org.apache.catalina.startup.VersionLoggerListener.log Command line argument: -Djava.util.logging.manager=org.apache.juli.ClassLoaderLogManager
14-Sep-2026 10:18:54.416 INFO [main] org.apache.catalina.startup.VersionLoggerListener.log Command line argument: -Djdk.tls.ephemeralDHKeySize=2048
14-Sep-2026 10:18:54.419 INFO [main] org.apache.catalina.startup.VersionLoggerListener.log Command line argument: -Djava.protocol.handler.pkgs=org.apache.catalina.webresources
14-Sep-2026 10:18:54.427 INFO [main] org.apache.catalina.startup.VersionLoggerListener.log Command line argument: -Dignore.endorsed.dirs=
14-Sep-2026 10:18:54.433 INFO [main] org.apache.catalina.startup.VersionLoggerListener.log Command line argument: -Dcatalina.base=D:\benedictmart\benedictmart\jerome_zom\tomcat
14-Sep-2026 10:18:54.435 INFO [main] org.apache.catalina.startup.VersionLoggerListener.log Command line argument: -Dcatalina.home=D:\benedictmart\benedictmart\jerome_zom\tomcat
14-Sep-2026 10:18:54.445 INFO [main] org.apache.catalina.startup.VersionLoggerListener.log Command line argument: -Djava.io.tmpdir=D:\benedictmart\benedictmart\jerome_zom\tomcat\temp
14-Sep-2026 10:18:54.448 INFO [main] org.apache.catalina.core.AprLifecycleListener.lifecycleEvent Loaded Apache Tomcat Native library [1.3.8] using APR version [1.7.6].
14-Sep-2026 10:18:54.450 INFO [main] org.apache.catalina.core.AprLifecycleListener.lifecycleEvent APR capabilities: IPv6 [true], sendfile [true], accept filters [false], random [true], UDS [{4}].
14-Sep-2026 10:18:54.452 INFO [main] org.apache.catalina.core.AprLifecycleListener.lifecycleEvent APR/OpenSSL configuration: useAprConnector [false], useOpenSSL [true]
14-Sep-2026 10:18:54.533 INFO [main] org.apache.catalina.core.AprLifecycleListener.initializeSSL OpenSSL successfully initialized [OpenSSL 3.0.21 9 Jun 2026]
14-Sep-2026 10:18:55.024 INFO [main] org.apache.coyote.AbstractProtocol.init Initializing ProtocolHandler ["http-nio-8080"]
14-Sep-2026 10:18:55.507 INFO [main] org.apache.catalina.startup.Catalina.load Initialization processed in 5985 ms
14-Sep-2026 10:18:56.274 INFO [main] org.apache.catalina.core.StandardService.startInternal Starting service [Catalina]
14-Sep-2026 10:18:56.280 INFO [main] org.apache.catalina.core.StandardEngine.startInternal Starting Servlet engine: [Apache Tomcat/8.5.96]
14-Sep-2026 10:18:56.642 INFO [localhost-startStop-1] org.apache.catalina.startup.HostConfig.deployWAR Deploying web application archive [D:\benedictmart\benedictmart\jerome_zom\tomcat\webapps\ROOT.war]
14-Sep-2026 10:18:59.950 WARNING [localhost-startStop-1] org.apache.tomcat.util.descriptor.web.WebXml.setVersion Unknown version string [4.0]. Default version will be used.
14-Sep-2026 10:19:21.032 INFO [localhost-startStop-1] org.apache.jasper.servlet.TldScanner.scanJars At least one JAR was scanned for TLDs yet contained no TLDs. Enable debug logging for this logger for a complete list of JARs that were scanned but no TLDs were found in them. Skipping unneeded JARs during scanning can improve startup time and JSP compilation time.
14-Sep-2026 10:19:21.622 WARNING [localhost-startStop-1] org.apache.catalina.util.SessionIdGeneratorBase.createSecureRandom Creation of SecureRandom instance for session ID generation using [SHA1PRNG] took [264] milliseconds.
14-Sep-2026 10:19:21.801 INFO [localhost-startStop-1] org.apache.catalina.startup.HostConfig.deployWAR Deployment of web application archive [D:\benedictmart\benedictmart\jerome_zom\tomcat\webapps\ROOT.war] has finished in [25,159] ms
14-Sep-2026 10:19:21.812 INFO [localhost-startStop-1] org.apache.catalina.startup.HostConfig.deployDirectory Deploying web application directory [D:\benedictmart\benedictmart\jerome_zom\tomcat\webapps\docs]
14-Sep-2026 10:19:22.074 INFO [localhost-startStop-1] org.apache.catalina.startup.HostConfig.deployDirectory Deployment of web application directory [D:\benedictmart\benedictmart\jerome_zom\tomcat\webapps\docs] has finished in [262] ms
14-Sep-2026 10:19:22.080 INFO [localhost-startStop-1] org.apache.catalina.startup.HostConfig.deployDirectory Deploying web application directory [D:\benedictmart\benedictmart\jerome_zom\tomcat\webapps\examples]
14-Sep-2026 10:19:25.074 INFO [localhost-startStop-1] org.apache.catalina.startup.HostConfig.deployDirectory Deployment of web application directory [D:\benedictmart\benedictmart\jerome_zom\tomcat\webapps\examples] has finished in [2,992] ms
14-Sep-2026 10:19:25.079 INFO [localhost-startStop-1] org.apache.catalina.startup.HostConfig.deployDirectory Deploying web application directory [D:\benedictmart\benedictmart\jerome_zom\tomcat\webapps\host-manager]
14-Sep-2026 10:19:25.276 INFO [localhost-startStop-1] org.apache.catalina.startup.HostConfig.deployDirectory Deployment of web application directory [D:\benedictmart\benedictmart\jerome_zom\tomcat\webapps\host-manager] has finished in [199] ms
14-Sep-2026 10:19:25.276 INFO [localhost-startStop-1] org.apache.catalina.startup.HostConfig.deployDirectory Deploying web application directory [D:\benedictmart\benedictmart\jerome_zom\tomcat\webapps\manager]
14-Sep-2026 10:19:25.518 INFO [localhost-startStop-1] org.apache.catalina.startup.HostConfig.deployDirectory Deployment of web application directory [D:\benedictmart\benedictmart\jerome_zom\tomcat\webapps\manager] has finished in [240] ms
14-Sep-2026 10:19:25.542 INFO [main] org.apache.coyote.AbstractProtocol.start Starting ProtocolHandler ["http-nio-8080"]
14-Sep-2026 10:19:25.828 INFO [main] org.apache.catalina.startup.Catalina.start Server startup in 30324 ms
14-Sep-2026 10:42:36.387 INFO [main] org.apache.catalina.core.StandardServer.await A valid shutdown command was received via the shutdown port. Stopping the Server instance.
14-Sep-2026 10:42:36.398 INFO [main] org.apache.coyote.AbstractProtocol.pause Pausing ProtocolHandler ["http-nio-8080"]
14-Sep-2026 10:42:36.428 INFO [main] org.apache.catalina.core.StandardService.stopInternal Stopping service [Catalina]
14-Sep-2026 10:42:36.517 INFO [main] org.apache.coyote.AbstractProtocol.stop Stopping ProtocolHandler ["http-nio-8080"]
14-Sep-2026 10:42:36.541 INFO [main] org.apache.coyote.AbstractProtocol.destroy Destroying ProtocolHandler ["http-nio-8080"]
14-Sep-2026 10:42:41.061 INFO [main] org.apache.catalina.startup.VersionLoggerListener.log Server version name:   Apache Tomcat/8.5.96
14-Sep-2026 10:42:41.065 INFO [main] org.apache.catalina.startup.VersionLoggerListener.log Server built:          Nov 10 2023 14:56:59 UTC
14-Sep-2026 10:42:41.065 INFO [main] org.apache.catalina.startup.VersionLoggerListener.log Server version number: 8.5.96.0
14-Sep-2026 10:42:41.065 INFO [main] org.apache.catalina.startup.VersionLoggerListener.log OS Name:               Windows 11
14-Sep-2026 10:42:41.065 INFO [main] org.apache.catalina.startup.VersionLoggerListener.log OS Version:            10.0
14-Sep-2026 10:42:41.069 INFO [main] org.apache.catalina.startup.VersionLoggerListener.log Architecture:          amd64
14-Sep-2026 10:42:41.070 INFO [main] org.apache.catalina.startup.VersionLoggerListener.log Java Home:             C:\Program Files\Eclipse Adoptium\jdk-17.0.20.8-hotspot
14-Sep-2026 10:42:41.070 INFO [main] org.apache.catalina.startup.VersionLoggerListener.log JVM Version:           17.0.20+8
14-Sep-2026 10:42:41.070 INFO [main] org.apache.catalina.startup.VersionLoggerListener.log JVM Vendor:            Eclipse Adoptium
14-Sep-2026 10:42:41.070 INFO [main] org.apache.catalina.startup.VersionLoggerListener.log CATALINA_BASE:         D:\benedictmart\benedictmart\jerome_zom\tomcat
14-Sep-2026 10:42:41.070 INFO [main] org.apache.catalina.startup.VersionLoggerListener.log CATALINA_HOME:         D:\benedictmart\benedictmart\jerome_zom\tomcat
14-Sep-2026 10:42:41.070 INFO [main] org.apache.catalina.startup.VersionLoggerListener.log Command line argument: --add-opens=java.base/java.lang=ALL-UNNAMED
14-Sep-2026 10:42:41.073 INFO [main] org.apache.catalina.startup.VersionLoggerListener.log Command line argument: --add-opens=java.base/java.io=ALL-UNNAMED
14-Sep-2026 10:42:41.073 INFO [main] org.apache.catalina.startup.VersionLoggerListener.log Command line argument: --add-opens=java.base/java.util=ALL-UNNAMED
14-Sep-2026 10:42:41.073 INFO [main] org.apache.catalina.startup.VersionLoggerListener.log Command line argument: --add-opens=java.base/java.util.concurrent=ALL-UNNAMED
14-Sep-2026 10:42:41.073 INFO [main] org.apache.catalina.startup.VersionLoggerListener.log Command line argument: --add-opens=java.rmi/sun.rmi.transport=ALL-UNNAMED
14-Sep-2026 10:42:41.074 INFO [main] org.apache.catalina.startup.VersionLoggerListener.log Command line argument: -Djava.util.logging.config.file=D:\benedictmart\benedictmart\jerome_zom\tomcat\conf\logging.properties
14-Sep-2026 10:42:41.074 INFO [main] org.apache.catalina.startup.VersionLoggerListener.log Command line argument: -Djava.util.logging.manager=org.apache.juli.ClassLoaderLogManager
14-Sep-2026 10:42:41.074 INFO [main] org.apache.catalina.startup.VersionLoggerListener.log Command line argument: -Djdk.tls.ephemeralDHKeySize=2048
14-Sep-2026 10:42:41.074 INFO [main] org.apache.catalina.startup.VersionLoggerListener.log Command line argument: -Djava.protocol.handler.pkgs=org.apache.catalina.webresources
14-Sep-2026 10:42:41.074 INFO [main] org.apache.catalina.startup.VersionLoggerListener.log Command line argument: -Dignore.endorsed.dirs=
14-Sep-2026 10:42:41.074 INFO [main] org.apache.catalina.startup.VersionLoggerListener.log Command line argument: -Dcatalina.base=D:\benedictmart\benedictmart\jerome_zom\tomcat
14-Sep-2026 10:42:41.074 INFO [main] org.apache.catalina.startup.VersionLoggerListener.log Command line argument: -Dcatalina.home=D:\benedictmart\benedictmart\jerome_zom\tomcat
14-Sep-2026 10:42:41.074 INFO [main] org.apache.catalina.startup.VersionLoggerListener.log Command line argument: -Djava.io.tmpdir=D:\benedictmart\benedictmart\jerome_zom\tomcat\temp
14-Sep-2026 10:42:41.076 INFO [main] org.apache.catalina.core.AprLifecycleListener.lifecycleEvent Loaded Apache Tomcat Native library [1.3.8] using APR version [1.7.6].
14-Sep-2026 10:42:41.076 INFO [main] org.apache.catalina.core.AprLifecycleListener.lifecycleEvent APR capabilities: IPv6 [true], sendfile [true], accept filters [false], random [true], UDS [{4}].
14-Sep-2026 10:42:41.076 INFO [main] org.apache.catalina.core.AprLifecycleListener.lifecycleEvent APR/OpenSSL configuration: useAprConnector [false], useOpenSSL [true]
14-Sep-2026 10:42:41.085 INFO [main] org.apache.catalina.core.AprLifecycleListener.initializeSSL OpenSSL successfully initialized [OpenSSL 3.0.21 9 Jun 2026]
14-Sep-2026 10:42:41.146 INFO [main] org.apache.coyote.AbstractProtocol.init Initializing ProtocolHandler ["http-nio-8080"]
14-Sep-2026 10:42:41.189 INFO [main] org.apache.catalina.startup.Catalina.load Initialization processed in 695 ms
14-Sep-2026 10:42:41.274 INFO [main] org.apache.catalina.core.StandardService.startInternal Starting service [Catalina]
14-Sep-2026 10:42:41.274 INFO [main] org.apache.catalina.core.StandardEngine.startInternal Starting Servlet engine: [Apache Tomcat/8.5.96]
14-Sep-2026 10:42:41.327 INFO [localhost-startStop-1] org.apache.catalina.startup.HostConfig.deployWAR Deploying web application archive [D:\benedictmart\benedictmart\jerome_zom\tomcat\webapps\benedictjeromemart.war]
14-Sep-2026 10:42:43.586 WARNING [localhost-startStop-1] org.apache.tomcat.util.descriptor.web.WebXml.setVersion Unknown version string [4.0]. Default version will be used.
14-Sep-2026 10:42:45.194 INFO [localhost-startStop-1] org.apache.jasper.servlet.TldScanner.scanJars At least one JAR was scanned for TLDs yet contained no TLDs. Enable debug logging for this logger for a complete list of JARs that were scanned but no TLDs were found in them. Skipping unneeded JARs during scanning can improve startup time and JSP compilation time.
14-Sep-2026 10:42:50.053 INFO [localhost-startStop-1] org.apache.catalina.startup.HostConfig.deployWAR Deployment of web application archive [D:\benedictmart\benedictmart\jerome_zom\tomcat\webapps\benedictjeromemart.war] has finished in [8,726] ms
14-Sep-2026 10:42:50.059 INFO [localhost-startStop-1] org.apache.catalina.startup.HostConfig.deployWAR Deploying web application archive [D:\benedictmart\benedictmart\jerome_zom\tomcat\webapps\ROOT.war]
14-Sep-2026 10:42:50.187 WARNING [localhost-startStop-1] org.apache.tomcat.util.descriptor.web.WebXml.setVersion Unknown version string [4.0]. Default version will be used.
14-Sep-2026 10:42:51.452 INFO [localhost-startStop-1] org.apache.jasper.servlet.TldScanner.scanJars At least one JAR was scanned for TLDs yet contained no TLDs. Enable debug logging for this logger for a complete list of JARs that were scanned but no TLDs were found in them. Skipping unneeded JARs during scanning can improve startup time and JSP compilation time.
14-Sep-2026 10:42:51.466 INFO [localhost-startStop-1] org.apache.catalina.startup.HostConfig.deployWAR Deployment of web application archive [D:\benedictmart\benedictmart\jerome_zom\tomcat\webapps\ROOT.war] has finished in [1,407] ms
14-Sep-2026 10:42:51.469 INFO [localhost-startStop-1] org.apache.catalina.startup.HostConfig.deployDirectory Deploying web application directory [D:\benedictmart\benedictmart\jerome_zom\tomcat\webapps\docs]
14-Sep-2026 10:42:51.508 INFO [localhost-startStop-1] org.apache.catalina.startup.HostConfig.deployDirectory Deployment of web application directory [D:\benedictmart\benedictmart\jerome_zom\tomcat\webapps\docs] has finished in [39] ms
14-Sep-2026 10:42:51.511 INFO [localhost-startStop-1] org.apache.catalina.startup.HostConfig.deployDirectory Deploying web application directory [D:\benedictmart\benedictmart\jerome_zom\tomcat\webapps\examples]
14-Sep-2026 10:42:51.816 INFO [localhost-startStop-1] org.apache.catalina.startup.HostConfig.deployDirectory Deployment of web application directory [D:\benedictmart\benedictmart\jerome_zom\tomcat\webapps\examples] has finished in [305] ms
14-Sep-2026 10:42:51.816 INFO [localhost-startStop-1] org.apache.catalina.startup.HostConfig.deployDirectory Deploying web application directory [D:\benedictmart\benedictmart\jerome_zom\tomcat\webapps\host-manager]
14-Sep-2026 10:42:51.855 INFO [localhost-startStop-1] org.apache.catalina.startup.HostConfig.deployDirectory Deployment of web application directory [D:\benedictmart\benedictmart\jerome_zom\tomcat\webapps\host-manager] has finished in [39] ms
14-Sep-2026 10:42:51.855 INFO [localhost-startStop-1] org.apache.catalina.startup.HostConfig.deployDirectory Deploying web application directory [D:\benedictmart\benedictmart\jerome_zom\tomcat\webapps\manager]
14-Sep-2026 10:42:51.895 INFO [localhost-startStop-1] org.apache.catalina.startup.HostConfig.deployDirectory Deployment of web application directory [D:\benedictmart\benedictmart\jerome_zom\tomcat\webapps\manager] has finished in [40] ms
14-Sep-2026 10:42:51.897 INFO [main] org.apache.coyote.AbstractProtocol.start Starting ProtocolHandler ["http-nio-8080"]
14-Sep-2026 10:42:51.970 INFO [main] org.apache.catalina.startup.Catalina.start Server startup in 10780 ms
14-Sep-2026 10:59:21.779 INFO [main] org.apache.catalina.core.StandardServer.await A valid shutdown command was received via the shutdown port. Stopping the Server instance.
14-Sep-2026 10:59:21.784 INFO [main] org.apache.coyote.AbstractProtocol.pause Pausing ProtocolHandler ["http-nio-8080"]
14-Sep-2026 10:59:21.816 INFO [main] org.apache.catalina.core.StandardService.stopInternal Stopping service [Catalina]
14-Sep-2026 10:59:22.148 WARNING [localhost-startStop-2] org.apache.catalina.loader.WebappClassLoaderBase.clearReferencesJdbc The web application [benedictjeromemart] registered the JDBC driver [org.h2.Driver] but failed to unregister it when the web application was stopped. To prevent a memory leak, the JDBC Driver has been forcibly unregistered.
14-Sep-2026 10:59:22.160 INFO [main] org.apache.coyote.AbstractProtocol.stop Stopping ProtocolHandler ["http-nio-8080"]
14-Sep-2026 10:59:22.175 INFO [main] org.apache.coyote.AbstractProtocol.destroy Destroying ProtocolHandler ["http-nio-8080"]
14-Sep-2026 10:59:26.459 INFO [main] org.apache.catalina.startup.VersionLoggerListener.log Server version name:   Apache Tomcat/8.5.96
14-Sep-2026 10:59:26.466 INFO [main] org.apache.catalina.startup.VersionLoggerListener.log Server built:          Nov 10 2023 14:56:59 UTC
14-Sep-2026 10:59:26.466 INFO [main] org.apache.catalina.startup.VersionLoggerListener.log Server version number: 8.5.96.0
14-Sep-2026 10:59:26.466 INFO [main] org.apache.catalina.startup.VersionLoggerListener.log OS Name:               Windows 11
14-Sep-2026 10:59:26.466 INFO [main] org.apache.catalina.startup.VersionLoggerListener.log OS Version:            10.0
14-Sep-2026 10:59:26.466 INFO [main] org.apache.catalina.startup.VersionLoggerListener.log Architecture:          amd64
14-Sep-2026 10:59:26.466 INFO [main] org.apache.catalina.startup.VersionLoggerListener.log Java Home:             C:\Program Files\Eclipse Adoptium\jdk-17.0.20.8-hotspot
14-Sep-2026 10:59:26.466 INFO [main] org.apache.catalina.startup.VersionLoggerListener.log JVM Version:           17.0.20+8
14-Sep-2026 10:59:26.466 INFO [main] org.apache.catalina.startup.VersionLoggerListener.log JVM Vendor:            Eclipse Adoptium
14-Sep-2026 10:59:26.466 INFO [main] org.apache.catalina.startup.VersionLoggerListener.log CATALINA_BASE:         D:\benedictmart\benedictmart\jerome_zom\tomcat
14-Sep-2026 10:59:26.466 INFO [main] org.apache.catalina.startup.VersionLoggerListener.log CATALINA_HOME:         D:\benedictmart\benedictmart\jerome_zom\tomcat
14-Sep-2026 10:59:26.466 INFO [main] org.apache.catalina.startup.VersionLoggerListener.log Command line argument: --add-opens=java.base/java.lang=ALL-UNNAMED
14-Sep-2026 10:59:26.466 INFO [main] org.apache.catalina.startup.VersionLoggerListener.log Command line argument: --add-opens=java.base/java.io=ALL-UNNAMED
14-Sep-2026 10:59:26.466 INFO [main] org.apache.catalina.startup.VersionLoggerListener.log Command line argument: --add-opens=java.base/java.util=ALL-UNNAMED
14-Sep-2026 10:59:26.472 INFO [main] org.apache.catalina.startup.VersionLoggerListener.log Command line argument: --add-opens=java.base/java.util.concurrent=ALL-UNNAMED
14-Sep-2026 10:59:26.472 INFO [main] org.apache.catalina.startup.VersionLoggerListener.log Command line argument: --add-opens=java.rmi/sun.rmi.transport=ALL-UNNAMED
14-Sep-2026 10:59:26.472 INFO [main] org.apache.catalina.startup.VersionLoggerListener.log Command line argument: -Djava.util.logging.config.file=D:\benedictmart\benedictmart\jerome_zom\tomcat\conf\logging.properties
14-Sep-2026 10:59:26.472 INFO [main] org.apache.catalina.startup.VersionLoggerListener.log Command line argument: -Djava.util.logging.manager=org.apache.juli.ClassLoaderLogManager
14-Sep-2026 10:59:26.472 INFO [main] org.apache.catalina.startup.VersionLoggerListener.log Command line argument: -Djdk.tls.ephemeralDHKeySize=2048
14-Sep-2026 10:59:26.472 INFO [main] org.apache.catalina.startup.VersionLoggerListener.log Command line argument: -Djava.protocol.handler.pkgs=org.apache.catalina.webresources
14-Sep-2026 10:59:26.472 INFO [main] org.apache.catalina.startup.VersionLoggerListener.log Command line argument: -Dignore.endorsed.dirs=
14-Sep-2026 10:59:26.472 INFO [main] org.apache.catalina.startup.VersionLoggerListener.log Command line argument: -Dcatalina.base=D:\benedictmart\benedictmart\jerome_zom\tomcat
14-Sep-2026 10:59:26.475 INFO [main] org.apache.catalina.startup.VersionLoggerListener.log Command line argument: -Dcatalina.home=D:\benedictmart\benedictmart\jerome_zom\tomcat
14-Sep-2026 10:59:26.475 INFO [main] org.apache.catalina.startup.VersionLoggerListener.log Command line argument: -Djava.io.tmpdir=D:\benedictmart\benedictmart\jerome_zom\tomcat\temp
14-Sep-2026 10:59:26.475 INFO [main] org.apache.catalina.core.AprLifecycleListener.lifecycleEvent Loaded Apache Tomcat Native library [1.3.8] using APR version [1.7.6].
14-Sep-2026 10:59:26.475 INFO [main] org.apache.catalina.core.AprLifecycleListener.lifecycleEvent APR capabilities: IPv6 [true], sendfile [true], accept filters [false], random [true], UDS [{4}].
14-Sep-2026 10:59:26.475 INFO [main] org.apache.catalina.core.AprLifecycleListener.lifecycleEvent APR/OpenSSL configuration: useAprConnector [false], useOpenSSL [true]
14-Sep-2026 10:59:26.485 INFO [main] org.apache.catalina.core.AprLifecycleListener.initializeSSL OpenSSL successfully initialized [OpenSSL 3.0.21 9 Jun 2026]
14-Sep-2026 10:59:26.544 INFO [main] org.apache.coyote.AbstractProtocol.init Initializing ProtocolHandler ["http-nio-8080"]
14-Sep-2026 10:59:26.593 INFO [main] org.apache.catalina.startup.Catalina.load Initialization processed in 690 ms
14-Sep-2026 10:59:26.687 INFO [main] org.apache.catalina.core.StandardService.startInternal Starting service [Catalina]
14-Sep-2026 10:59:26.687 INFO [main] org.apache.catalina.core.StandardEngine.startInternal Starting Servlet engine: [Apache Tomcat/8.5.96]
14-Sep-2026 10:59:26.730 INFO [localhost-startStop-1] org.apache.catalina.startup.HostConfig.deployWAR Deploying web application archive [D:\benedictmart\benedictmart\jerome_zom\tomcat\webapps\benedictjeromemart.war]
14-Sep-2026 10:59:28.783 WARNING [localhost-startStop-1] org.apache.tomcat.util.descriptor.web.WebXml.setVersion Unknown version string [4.0]. Default version will be used.
14-Sep-2026 10:59:28.888 SEVERE [localhost-startStop-1] org.apache.catalina.core.ContainerBase.addChildInternal ContainerBase.addChild: start: 
	org.apache.catalina.LifecycleException: Failed to start component [StandardEngine[Catalina].StandardHost[localhost].StandardContext[/benedictjeromemart]]
		at org.apache.catalina.util.LifecycleBase.handleSubClassException(LifecycleBase.java:419)
		at org.apache.catalina.util.LifecycleBase.start(LifecycleBase.java:186)
		at org.apache.catalina.core.ContainerBase.addChildInternal(ContainerBase.java:710)
		at org.apache.catalina.core.ContainerBase.addChild(ContainerBase.java:687)
		at org.apache.catalina.core.StandardHost.addChild(StandardHost.java:660)
		at org.apache.catalina.startup.HostConfig.deployWAR(HostConfig.java:1016)
		at org.apache.catalina.startup.HostConfig$DeployWar.run(HostConfig.java:1903)
		at java.base/java.util.concurrent.Executors$RunnableAdapter.call(Executors.java:539)
		at java.base/java.util.concurrent.FutureTask.run(FutureTask.java:264)
		at java.base/java.util.concurrent.ThreadPoolExecutor.runWorker(ThreadPoolExecutor.java:1136)
		at java.base/java.util.concurrent.ThreadPoolExecutor$Worker.run(ThreadPoolExecutor.java:635)
		at java.base/java.lang.Thread.run(Thread.java:840)
	Caused by: java.lang.IllegalArgumentException: The servlets named [com.benedictjeromemart.controller.ChatbotServlet] and [com.benedictjeromemart.controller.ChatServlet] are both mapped to the url-pattern [/api/v1/chat] which is not permitted
		at org.apache.tomcat.util.descriptor.web.WebXml.addServletMappingDecoded(WebXml.java:351)
		at org.apache.tomcat.util.descriptor.web.WebXml.addServletMapping(WebXml.java:344)
		at org.apache.catalina.startup.ContextConfig.processAnnotationWebServlet(ContextConfig.java:2351)
		at org.apache.catalina.startup.ContextConfig.processClass(ContextConfig.java:2030)
		at org.apache.catalina.startup.ContextConfig.processAnnotationsStream(ContextConfig.java:2019)
		at org.apache.catalina.startup.ContextConfig.processAnnotationsWebResource(ContextConfig.java:1920)
		at org.apache.catalina.startup.ContextConfig.processAnnotationsWebResource(ContextConfig.java:1914)
		at org.apache.catalina.startup.ContextConfig.processAnnotationsWebResource(ContextConfig.java:1914)
		at org.apache.catalina.startup.ContextConfig.processAnnotationsWebResource(ContextConfig.java:1914)
		at org.apache.catalina.startup.ContextConfig.processClasses(ContextConfig.java:1177)
		at org.apache.catalina.startup.ContextConfig.webConfig(ContextConfig.java:1094)
		at org.apache.catalina.startup.ContextConfig.configureStart(ContextConfig.java:780)
		at org.apache.catalina.startup.ContextConfig.lifecycleEvent(ContextConfig.java:300)
		at org.apache.catalina.util.LifecycleBase.fireLifecycleEvent(LifecycleBase.java:114)
		at org.apache.catalina.core.StandardContext.startInternal(StandardContext.java:4804)
		at org.apache.catalina.util.LifecycleBase.start(LifecycleBase.java:171)
		... 10 more
14-Sep-2026 10:59:28.889 SEVERE [localhost-startStop-1] org.apache.catalina.startup.HostConfig.deployWAR Error deploying web application archive [D:\benedictmart\benedictmart\jerome_zom\tomcat\webapps\benedictjeromemart.war]
	java.lang.IllegalStateException: Error starting child
		at org.apache.catalina.core.ContainerBase.addChildInternal(ContainerBase.java:714)
		at org.apache.catalina.core.ContainerBase.addChild(ContainerBase.java:687)
		at org.apache.catalina.core.StandardHost.addChild(StandardHost.java:660)
		at org.apache.catalina.startup.HostConfig.deployWAR(HostConfig.java:1016)
		at org.apache.catalina.startup.HostConfig$DeployWar.run(HostConfig.java:1903)
		at java.base/java.util.concurrent.Executors$RunnableAdapter.call(Executors.java:539)
		at java.base/java.util.concurrent.FutureTask.run(FutureTask.java:264)
		at java.base/java.util.concurrent.ThreadPoolExecutor.runWorker(ThreadPoolExecutor.java:1136)
		at java.base/java.util.concurrent.ThreadPoolExecutor$Worker.run(ThreadPoolExecutor.java:635)
		at java.base/java.lang.Thread.run(Thread.java:840)
	Caused by: org.apache.catalina.LifecycleException: Failed to start component [StandardEngine[Catalina].StandardHost[localhost].StandardContext[/benedictjeromemart]]
		at org.apache.catalina.util.LifecycleBase.handleSubClassException(LifecycleBase.java:419)
		at org.apache.catalina.util.LifecycleBase.start(LifecycleBase.java:186)
		at org.apache.catalina.core.ContainerBase.addChildInternal(ContainerBase.java:710)
		... 9 more
	Caused by: java.lang.IllegalArgumentException: The servlets named [com.benedictjeromemart.controller.ChatbotServlet] and [com.benedictjeromemart.controller.ChatServlet] are both mapped to the url-pattern [/api/v1/chat] which is not permitted
		at org.apache.tomcat.util.descriptor.web.WebXml.addServletMappingDecoded(WebXml.java:351)
		at org.apache.tomcat.util.descriptor.web.WebXml.addServletMapping(WebXml.java:344)
		at org.apache.catalina.startup.ContextConfig.processAnnotationWebServlet(ContextConfig.java:2351)
		at org.apache.catalina.startup.ContextConfig.processClass(ContextConfig.java:2030)
		at org.apache.catalina.startup.ContextConfig.processAnnotationsStream(ContextConfig.java:2019)
		at org.apache.catalina.startup.ContextConfig.processAnnotationsWebResource(ContextConfig.java:1920)
		at org.apache.catalina.startup.ContextConfig.processAnnotationsWebResource(ContextConfig.java:1914)
		at org.apache.catalina.startup.ContextConfig.processAnnotationsWebResource(ContextConfig.java:1914)
		at org.apache.catalina.startup.ContextConfig.processAnnotationsWebResource(ContextConfig.java:1914)
		at org.apache.catalina.startup.ContextConfig.processClasses(ContextConfig.java:1177)
		at org.apache.catalina.startup.ContextConfig.webConfig(ContextConfig.java:1094)
		at org.apache.catalina.startup.ContextConfig.configureStart(ContextConfig.java:780)
		at org.apache.catalina.startup.ContextConfig.lifecycleEvent(ContextConfig.java:300)
		at org.apache.catalina.util.LifecycleBase.fireLifecycleEvent(LifecycleBase.java:114)
		at org.apache.catalina.core.StandardContext.startInternal(StandardContext.java:4804)
		at org.apache.catalina.util.LifecycleBase.start(LifecycleBase.java:171)
		... 10 more
14-Sep-2026 10:59:28.889 INFO [localhost-startStop-1] org.apache.catalina.startup.HostConfig.deployWAR Deployment of web application archive [D:\benedictmart\benedictmart\jerome_zom\tomcat\webapps\benedictjeromemart.war] has finished in [2,159] ms
14-Sep-2026 10:59:28.894 INFO [localhost-startStop-1] org.apache.catalina.startup.HostConfig.deployWAR Deploying web application archive [D:\benedictmart\benedictmart\jerome_zom\tomcat\webapps\ROOT.war]
14-Sep-2026 10:59:28.984 WARNING [localhost-startStop-1] org.apache.tomcat.util.descriptor.web.WebXml.setVersion Unknown version string [4.0]. Default version will be used.
14-Sep-2026 10:59:30.643 INFO [localhost-startStop-1] org.apache.jasper.servlet.TldScanner.scanJars At least one JAR was scanned for TLDs yet contained no TLDs. Enable debug logging for this logger for a complete list of JARs that were scanned but no TLDs were found in them. Skipping unneeded JARs during scanning can improve startup time and JSP compilation time.
14-Sep-2026 10:59:30.768 INFO [localhost-startStop-1] org.apache.catalina.startup.HostConfig.deployWAR Deployment of web application archive [D:\benedictmart\benedictmart\jerome_zom\tomcat\webapps\ROOT.war] has finished in [1,874] ms
14-Sep-2026 10:59:30.768 INFO [localhost-startStop-1] org.apache.catalina.startup.HostConfig.deployDirectory Deploying web application directory [D:\benedictmart\benedictmart\jerome_zom\tomcat\webapps\docs]
14-Sep-2026 10:59:30.830 INFO [localhost-startStop-1] org.apache.catalina.startup.HostConfig.deployDirectory Deployment of web application directory [D:\benedictmart\benedictmart\jerome_zom\tomcat\webapps\docs] has finished in [62] ms
14-Sep-2026 10:59:30.833 INFO [localhost-startStop-1] org.apache.catalina.startup.HostConfig.deployDirectory Deploying web application directory [D:\benedictmart\benedictmart\jerome_zom\tomcat\webapps\examples]
14-Sep-2026 10:59:31.224 INFO [localhost-startStop-1] org.apache.catalina.startup.HostConfig.deployDirectory Deployment of web application directory [D:\benedictmart\benedictmart\jerome_zom\tomcat\webapps\examples] has finished in [392] ms
14-Sep-2026 10:59:31.224 INFO [localhost-startStop-1] org.apache.catalina.startup.HostConfig.deployDirectory Deploying web application directory [D:\benedictmart\benedictmart\jerome_zom\tomcat\webapps\host-manager]
14-Sep-2026 10:59:31.273 INFO [localhost-startStop-1] org.apache.catalina.startup.HostConfig.deployDirectory Deployment of web application directory [D:\benedictmart\benedictmart\jerome_zom\tomcat\webapps\host-manager] has finished in [49] ms
14-Sep-2026 10:59:31.273 INFO [localhost-startStop-1] org.apache.catalina.startup.HostConfig.deployDirectory Deploying web application directory [D:\benedictmart\benedictmart\jerome_zom\tomcat\webapps\manager]
14-Sep-2026 10:59:31.314 INFO [localhost-startStop-1] org.apache.catalina.startup.HostConfig.deployDirectory Deployment of web application directory [D:\benedictmart\benedictmart\jerome_zom\tomcat\webapps\manager] has finished in [41] ms
14-Sep-2026 10:59:31.318 INFO [main] org.apache.coyote.AbstractProtocol.start Starting ProtocolHandler ["http-nio-8080"]
14-Sep-2026 10:59:31.390 INFO [main] org.apache.catalina.startup.Catalina.start Server startup in 4799 ms
14-Sep-2026 11:10:52.338 INFO [main] org.apache.catalina.startup.VersionLoggerListener.log Server version name:   Apache Tomcat/8.5.96
14-Sep-2026 11:10:52.343 INFO [main] org.apache.catalina.startup.VersionLoggerListener.log Server built:          Nov 10 2023 14:56:59 UTC
14-Sep-2026 11:10:52.343 INFO [main] org.apache.catalina.startup.VersionLoggerListener.log Server version number: 8.5.96.0
14-Sep-2026 11:10:52.343 INFO [main] org.apache.catalina.startup.VersionLoggerListener.log OS Name:               Windows 11
14-Sep-2026 11:10:52.344 INFO [main] org.apache.catalina.startup.VersionLoggerListener.log OS Version:            10.0
14-Sep-2026 11:10:52.344 INFO [main] org.apache.catalina.startup.VersionLoggerListener.log Architecture:          amd64
14-Sep-2026 11:10:52.344 INFO [main] org.apache.catalina.startup.VersionLoggerListener.log Java Home:             C:\Program Files\Eclipse Adoptium\jdk-17.0.20.8-hotspot
14-Sep-2026 11:10:52.344 INFO [main] org.apache.catalina.startup.VersionLoggerListener.log JVM Version:           17.0.20+8
14-Sep-2026 11:10:52.345 INFO [main] org.apache.catalina.startup.VersionLoggerListener.log JVM Vendor:            Eclipse Adoptium
14-Sep-2026 11:10:52.345 INFO [main] org.apache.catalina.startup.VersionLoggerListener.log CATALINA_BASE:         D:\benedictmart\benedictmart\jerome_zom\tomcat
14-Sep-2026 11:10:52.346 INFO [main] org.apache.catalina.startup.VersionLoggerListener.log CATALINA_HOME:         D:\benedictmart\benedictmart\jerome_zom\tomcat
14-Sep-2026 11:10:52.349 INFO [main] org.apache.catalina.startup.VersionLoggerListener.log Command line argument: --add-opens=java.base/java.lang=ALL-UNNAMED
14-Sep-2026 11:10:52.350 INFO [main] org.apache.catalina.startup.VersionLoggerListener.log Command line argument: --add-opens=java.base/java.io=ALL-UNNAMED
14-Sep-2026 11:10:52.350 INFO [main] org.apache.catalina.startup.VersionLoggerListener.log Command line argument: --add-opens=java.base/java.util=ALL-UNNAMED
14-Sep-2026 11:10:52.350 INFO [main] org.apache.catalina.startup.VersionLoggerListener.log Command line argument: --add-opens=java.base/java.util.concurrent=ALL-UNNAMED
14-Sep-2026 11:10:52.352 INFO [main] org.apache.catalina.startup.VersionLoggerListener.log Command line argument: --add-opens=java.rmi/sun.rmi.transport=ALL-UNNAMED
14-Sep-2026 11:10:52.352 INFO [main] org.apache.catalina.startup.VersionLoggerListener.log Command line argument: -Djava.util.logging.config.file=D:\benedictmart\benedictmart\jerome_zom\tomcat\conf\logging.properties
14-Sep-2026 11:10:52.352 INFO [main] org.apache.catalina.startup.VersionLoggerListener.log Command line argument: -Djava.util.logging.manager=org.apache.juli.ClassLoaderLogManager
14-Sep-2026 11:10:52.353 INFO [main] org.apache.catalina.startup.VersionLoggerListener.log Command line argument: -Djdk.tls.ephemeralDHKeySize=2048
14-Sep-2026 11:10:52.353 INFO [main] org.apache.catalina.startup.VersionLoggerListener.log Command line argument: -Djava.protocol.handler.pkgs=org.apache.catalina.webresources
14-Sep-2026 11:10:52.354 INFO [main] org.apache.catalina.startup.VersionLoggerListener.log Command line argument: -Dignore.endorsed.dirs=
14-Sep-2026 11:10:52.354 INFO [main] org.apache.catalina.startup.VersionLoggerListener.log Command line argument: -Dcatalina.base=D:\benedictmart\benedictmart\jerome_zom\tomcat
14-Sep-2026 11:10:52.354 INFO [main] org.apache.catalina.startup.VersionLoggerListener.log Command line argument: -Dcatalina.home=D:\benedictmart\benedictmart\jerome_zom\tomcat
14-Sep-2026 11:10:52.354 INFO [main] org.apache.catalina.startup.VersionLoggerListener.log Command line argument: -Djava.io.tmpdir=D:\benedictmart\benedictmart\jerome_zom\tomcat\temp
14-Sep-2026 11:10:52.354 INFO [main] org.apache.catalina.core.AprLifecycleListener.lifecycleEvent Loaded Apache Tomcat Native library [1.3.8] using APR version [1.7.6].
14-Sep-2026 11:10:52.355 INFO [main] org.apache.catalina.core.AprLifecycleListener.lifecycleEvent APR capabilities: IPv6 [true], sendfile [true], accept filters [false], random [true], UDS [{4}].
14-Sep-2026 11:10:52.355 INFO [main] org.apache.catalina.core.AprLifecycleListener.lifecycleEvent APR/OpenSSL configuration: useAprConnector [false], useOpenSSL [true]
14-Sep-2026 11:10:52.365 INFO [main] org.apache.catalina.core.AprLifecycleListener.initializeSSL OpenSSL successfully initialized [OpenSSL 3.0.21 9 Jun 2026]
14-Sep-2026 11:10:52.439 INFO [main] org.apache.coyote.AbstractProtocol.init Initializing ProtocolHandler ["http-nio-8080"]
14-Sep-2026 11:10:52.494 INFO [main] org.apache.catalina.startup.Catalina.load Initialization processed in 708 ms
14-Sep-2026 11:11:00.535 INFO [main] org.apache.catalina.startup.VersionLoggerListener.log Server version name:   Apache Tomcat/8.5.96
14-Sep-2026 11:11:00.540 INFO [main] org.apache.catalina.startup.VersionLoggerListener.log Server built:          Nov 10 2023 14:56:59 UTC
14-Sep-2026 11:11:00.540 INFO [main] org.apache.catalina.startup.VersionLoggerListener.log Server version number: 8.5.96.0
14-Sep-2026 11:11:00.541 INFO [main] org.apache.catalina.startup.VersionLoggerListener.log OS Name:               Windows 11
14-Sep-2026 11:11:00.541 INFO [main] org.apache.catalina.startup.VersionLoggerListener.log OS Version:            10.0
14-Sep-2026 11:11:00.542 INFO [main] org.apache.catalina.startup.VersionLoggerListener.log Architecture:          amd64
14-Sep-2026 11:11:00.542 INFO [main] org.apache.catalina.startup.VersionLoggerListener.log Java Home:             C:\Program Files\Eclipse Adoptium\jdk-17.0.20.8-hotspot
14-Sep-2026 11:11:00.542 INFO [main] org.apache.catalina.startup.VersionLoggerListener.log JVM Version:           17.0.20+8
14-Sep-2026 11:11:00.542 INFO [main] org.apache.catalina.startup.VersionLoggerListener.log JVM Vendor:            Eclipse Adoptium
14-Sep-2026 11:11:00.542 INFO [main] org.apache.catalina.startup.VersionLoggerListener.log CATALINA_BASE:         D:\benedictmart\benedictmart\jerome_zom\tomcat
14-Sep-2026 11:11:00.542 INFO [main] org.apache.catalina.startup.VersionLoggerListener.log CATALINA_HOME:         D:\benedictmart\benedictmart\jerome_zom\tomcat
14-Sep-2026 11:11:00.545 INFO [main] org.apache.catalina.startup.VersionLoggerListener.log Command line argument: --add-opens=java.base/java.lang=ALL-UNNAMED
14-Sep-2026 11:11:00.549 INFO [main] org.apache.catalina.startup.VersionLoggerListener.log Command line argument: --add-opens=java.base/java.io=ALL-UNNAMED
14-Sep-2026 11:11:00.550 INFO [main] org.apache.catalina.startup.VersionLoggerListener.log Command line argument: --add-opens=java.base/java.util=ALL-UNNAMED
14-Sep-2026 11:11:00.550 INFO [main] org.apache.catalina.startup.VersionLoggerListener.log Command line argument: --add-opens=java.base/java.util.concurrent=ALL-UNNAMED
14-Sep-2026 11:11:00.550 INFO [main] org.apache.catalina.startup.VersionLoggerListener.log Command line argument: --add-opens=java.rmi/sun.rmi.transport=ALL-UNNAMED
14-Sep-2026 11:11:00.550 INFO [main] org.apache.catalina.startup.VersionLoggerListener.log Command line argument: -Djava.util.logging.config.file=D:\benedictmart\benedictmart\jerome_zom\tomcat\conf\logging.properties
14-Sep-2026 11:11:00.551 INFO [main] org.apache.catalina.startup.VersionLoggerListener.log Command line argument: -Djava.util.logging.manager=org.apache.juli.ClassLoaderLogManager
14-Sep-2026 11:11:00.551 INFO [main] org.apache.catalina.startup.VersionLoggerListener.log Command line argument: -Djdk.tls.ephemeralDHKeySize=2048
14-Sep-2026 11:11:00.551 INFO [main] org.apache.catalina.startup.VersionLoggerListener.log Command line argument: -Djava.protocol.handler.pkgs=org.apache.catalina.webresources
14-Sep-2026 11:11:00.551 INFO [main] org.apache.catalina.startup.VersionLoggerListener.log Command line argument: -Dignore.endorsed.dirs=
14-Sep-2026 11:11:00.551 INFO [main] org.apache.catalina.startup.VersionLoggerListener.log Command line argument: -Dcatalina.base=D:\benedictmart\benedictmart\jerome_zom\tomcat
14-Sep-2026 11:11:00.552 INFO [main] org.apache.catalina.startup.VersionLoggerListener.log Command line argument: -Dcatalina.home=D:\benedictmart\benedictmart\jerome_zom\tomcat
14-Sep-2026 11:11:00.553 INFO [main] org.apache.catalina.startup.VersionLoggerListener.log Command line argument: -Djava.io.tmpdir=D:\benedictmart\benedictmart\jerome_zom\tomcat\temp
14-Sep-2026 11:11:00.553 INFO [main] org.apache.catalina.core.AprLifecycleListener.lifecycleEvent Loaded Apache Tomcat Native library [1.3.8] using APR version [1.7.6].
14-Sep-2026 11:11:00.553 INFO [main] org.apache.catalina.core.AprLifecycleListener.lifecycleEvent APR capabilities: IPv6 [true], sendfile [true], accept filters [false], random [true], UDS [{4}].
14-Sep-2026 11:11:00.553 INFO [main] org.apache.catalina.core.AprLifecycleListener.lifecycleEvent APR/OpenSSL configuration: useAprConnector [false], useOpenSSL [true]
14-Sep-2026 11:11:00.564 INFO [main] org.apache.catalina.core.AprLifecycleListener.initializeSSL OpenSSL successfully initialized [OpenSSL 3.0.21 9 Jun 2026]
14-Sep-2026 11:11:00.628 INFO [main] org.apache.coyote.AbstractProtocol.init Initializing ProtocolHandler ["http-nio-8080"]
14-Sep-2026 11:11:00.676 INFO [main] org.apache.catalina.startup.Catalina.load Initialization processed in 750 ms
14-Sep-2026 11:11:00.789 INFO [main] org.apache.catalina.core.StandardService.startInternal Starting service [Catalina]
14-Sep-2026 11:11:00.789 INFO [main] org.apache.catalina.core.StandardEngine.startInternal Starting Servlet engine: [Apache Tomcat/8.5.96]
14-Sep-2026 11:11:00.852 INFO [localhost-startStop-1] org.apache.catalina.startup.HostConfig.deployWAR Deploying web application archive [D:\benedictmart\benedictmart\jerome_zom\tomcat\webapps\benedictjeromemart.war]
14-Sep-2026 11:11:03.071 WARNING [localhost-startStop-1] org.apache.tomcat.util.descriptor.web.WebXml.setVersion Unknown version string [4.0]. Default version will be used.
14-Sep-2026 11:11:05.044 INFO [localhost-startStop-1] org.apache.jasper.servlet.TldScanner.scanJars At least one JAR was scanned for TLDs yet contained no TLDs. Enable debug logging for this logger for a complete list of JARs that were scanned but no TLDs were found in them. Skipping unneeded JARs during scanning can improve startup time and JSP compilation time.
14-Sep-2026 11:11:05.961 INFO [localhost-startStop-1] org.apache.catalina.startup.HostConfig.deployWAR Deployment of web application archive [D:\benedictmart\benedictmart\jerome_zom\tomcat\webapps\benedictjeromemart.war] has finished in [5,109] ms
14-Sep-2026 11:11:05.977 INFO [localhost-startStop-1] org.apache.catalina.startup.HostConfig.deployWAR Deploying web application archive [D:\benedictmart\benedictmart\jerome_zom\tomcat\webapps\ROOT.war]
14-Sep-2026 11:11:08.078 WARNING [localhost-startStop-1] org.apache.tomcat.util.descriptor.web.WebXml.setVersion Unknown version string [4.0]. Default version will be used.
14-Sep-2026 11:11:09.949 INFO [localhost-startStop-1] org.apache.jasper.servlet.TldScanner.scanJars At least one JAR was scanned for TLDs yet contained no TLDs. Enable debug logging for this logger for a complete list of JARs that were scanned but no TLDs were found in them. Skipping unneeded JARs during scanning can improve startup time and JSP compilation time.
14-Sep-2026 11:11:10.366 INFO [localhost-startStop-1] org.apache.catalina.startup.HostConfig.deployWAR Deployment of web application archive [D:\benedictmart\benedictmart\jerome_zom\tomcat\webapps\ROOT.war] has finished in [4,388] ms
14-Sep-2026 11:11:10.367 INFO [localhost-startStop-1] org.apache.catalina.startup.HostConfig.deployDirectory Deploying web application directory [D:\benedictmart\benedictmart\jerome_zom\tomcat\webapps\docs]
14-Sep-2026 11:11:10.420 INFO [localhost-startStop-1] org.apache.catalina.startup.HostConfig.deployDirectory Deployment of web application directory [D:\benedictmart\benedictmart\jerome_zom\tomcat\webapps\docs] has finished in [53] ms
14-Sep-2026 11:11:10.421 INFO [localhost-startStop-1] org.apache.catalina.startup.HostConfig.deployDirectory Deploying web application directory [D:\benedictmart\benedictmart\jerome_zom\tomcat\webapps\examples]
14-Sep-2026 11:11:11.093 INFO [localhost-startStop-1] org.apache.catalina.startup.HostConfig.deployDirectory Deployment of web application directory [D:\benedictmart\benedictmart\jerome_zom\tomcat\webapps\examples] has finished in [672] ms
14-Sep-2026 11:11:11.094 INFO [localhost-startStop-1] org.apache.catalina.startup.HostConfig.deployDirectory Deploying web application directory [D:\benedictmart\benedictmart\jerome_zom\tomcat\webapps\host-manager]
14-Sep-2026 11:11:11.175 INFO [localhost-startStop-1] org.apache.catalina.startup.HostConfig.deployDirectory Deployment of web application directory [D:\benedictmart\benedictmart\jerome_zom\tomcat\webapps\host-manager] has finished in [81] ms
14-Sep-2026 11:11:11.176 INFO [localhost-startStop-1] org.apache.catalina.startup.HostConfig.deployDirectory Deploying web application directory [D:\benedictmart\benedictmart\jerome_zom\tomcat\webapps\manager]
14-Sep-2026 11:11:11.244 INFO [localhost-startStop-1] org.apache.catalina.startup.HostConfig.deployDirectory Deployment of web application directory [D:\benedictmart\benedictmart\jerome_zom\tomcat\webapps\manager] has finished in [69] ms
14-Sep-2026 11:11:11.253 INFO [main] org.apache.coyote.AbstractProtocol.start Starting ProtocolHandler ["http-nio-8080"]
14-Sep-2026 11:11:11.359 INFO [main] org.apache.catalina.startup.Catalina.start Server startup in 10683 ms
14-Sep-2026 11:12:41.846 INFO [main] org.apache.catalina.startup.VersionLoggerListener.log Server version name:   Apache Tomcat/8.5.96
14-Sep-2026 11:12:41.853 INFO [main] org.apache.catalina.startup.VersionLoggerListener.log Server built:          Nov 10 2023 14:56:59 UTC
14-Sep-2026 11:12:41.853 INFO [main] org.apache.catalina.startup.VersionLoggerListener.log Server version number: 8.5.96.0
14-Sep-2026 11:12:41.853 INFO [main] org.apache.catalina.startup.VersionLoggerListener.log OS Name:               Windows 11
14-Sep-2026 11:12:41.853 INFO [main] org.apache.catalina.startup.VersionLoggerListener.log OS Version:            10.0
14-Sep-2026 11:12:41.853 INFO [main] org.apache.catalina.startup.VersionLoggerListener.log Architecture:          amd64
14-Sep-2026 11:12:41.853 INFO [main] org.apache.catalina.startup.VersionLoggerListener.log Java Home:             C:\Program Files\Eclipse Adoptium\jdk-17.0.20.8-hotspot
14-Sep-2026 11:12:41.853 INFO [main] org.apache.catalina.startup.VersionLoggerListener.log JVM Version:           17.0.20+8
14-Sep-2026 11:12:41.853 INFO [main] org.apache.catalina.startup.VersionLoggerListener.log JVM Vendor:            Eclipse Adoptium
14-Sep-2026 11:12:41.853 INFO [main] org.apache.catalina.startup.VersionLoggerListener.log CATALINA_BASE:         D:\benedictmart\benedictmart\jerome_zom\tomcat
14-Sep-2026 11:12:41.853 INFO [main] org.apache.catalina.startup.VersionLoggerListener.log CATALINA_HOME:         D:\benedictmart\benedictmart\jerome_zom\tomcat
14-Sep-2026 11:12:41.856 INFO [main] org.apache.catalina.startup.VersionLoggerListener.log Command line argument: --add-opens=java.base/java.lang=ALL-UNNAMED
14-Sep-2026 11:12:41.856 INFO [main] org.apache.catalina.startup.VersionLoggerListener.log Command line argument: --add-opens=java.base/java.io=ALL-UNNAMED
14-Sep-2026 11:12:41.856 INFO [main] org.apache.catalina.startup.VersionLoggerListener.log Command line argument: --add-opens=java.base/java.util=ALL-UNNAMED
14-Sep-2026 11:12:41.856 INFO [main] org.apache.catalina.startup.VersionLoggerListener.log Command line argument: --add-opens=java.base/java.util.concurrent=ALL-UNNAMED
14-Sep-2026 11:12:41.858 INFO [main] org.apache.catalina.startup.VersionLoggerListener.log Command line argument: --add-opens=java.rmi/sun.rmi.transport=ALL-UNNAMED
14-Sep-2026 11:12:41.858 INFO [main] org.apache.catalina.startup.VersionLoggerListener.log Command line argument: -Djava.util.logging.config.file=D:\benedictmart\benedictmart\jerome_zom\tomcat\conf\logging.properties
14-Sep-2026 11:12:41.858 INFO [main] org.apache.catalina.startup.VersionLoggerListener.log Command line argument: -Djava.util.logging.manager=org.apache.juli.ClassLoaderLogManager
14-Sep-2026 11:12:41.858 INFO [main] org.apache.catalina.startup.VersionLoggerListener.log Command line argument: -Djdk.tls.ephemeralDHKeySize=2048
14-Sep-2026 11:12:41.860 INFO [main] org.apache.catalina.startup.VersionLoggerListener.log Command line argument: -Djava.protocol.handler.pkgs=org.apache.catalina.webresources
14-Sep-2026 11:12:41.860 INFO [main] org.apache.catalina.startup.VersionLoggerListener.log Command line argument: -Dignore.endorsed.dirs=
14-Sep-2026 11:12:41.860 INFO [main] org.apache.catalina.startup.VersionLoggerListener.log Command line argument: -Dcatalina.base=D:\benedictmart\benedictmart\jerome_zom\tomcat
14-Sep-2026 11:12:41.861 INFO [main] org.apache.catalina.startup.VersionLoggerListener.log Command line argument: -Dcatalina.home=D:\benedictmart\benedictmart\jerome_zom\tomcat
14-Sep-2026 11:12:41.861 INFO [main] org.apache.catalina.startup.VersionLoggerListener.log Command line argument: -Djava.io.tmpdir=D:\benedictmart\benedictmart\jerome_zom\tomcat\temp
14-Sep-2026 11:12:41.862 INFO [main] org.apache.catalina.core.AprLifecycleListener.lifecycleEvent Loaded Apache Tomcat Native library [1.3.8] using APR version [1.7.6].
14-Sep-2026 11:12:41.862 INFO [main] org.apache.catalina.core.AprLifecycleListener.lifecycleEvent APR capabilities: IPv6 [true], sendfile [true], accept filters [false], random [true], UDS [{4}].
14-Sep-2026 11:12:41.864 INFO [main] org.apache.catalina.core.AprLifecycleListener.lifecycleEvent APR/OpenSSL configuration: useAprConnector [false], useOpenSSL [true]
14-Sep-2026 11:12:41.876 INFO [main] org.apache.catalina.core.AprLifecycleListener.initializeSSL OpenSSL successfully initialized [OpenSSL 3.0.21 9 Jun 2026]
14-Sep-2026 11:12:41.946 INFO [main] org.apache.coyote.AbstractProtocol.init Initializing ProtocolHandler ["http-nio-8080"]
14-Sep-2026 11:12:41.970 SEVERE [main] org.apache.catalina.core.StandardService.initInternal Failed to initialize connector [Connector["http-nio-8080"]]
	org.apache.catalina.LifecycleException: Protocol handler initialization failed
		at org.apache.catalina.connector.Connector.initInternal(Connector.java:1075)
		at org.apache.catalina.util.LifecycleBase.init(LifecycleBase.java:127)
		at org.apache.catalina.core.StandardService.initInternal(StandardService.java:564)
		at org.apache.catalina.util.LifecycleBase.init(LifecycleBase.java:127)
		at org.apache.catalina.core.StandardServer.initInternal(StandardServer.java:854)
		at org.apache.catalina.util.LifecycleBase.init(LifecycleBase.java:127)
		at org.apache.catalina.startup.Catalina.load(Catalina.java:646)
		at org.apache.catalina.startup.Catalina.load(Catalina.java:669)
		at java.base/jdk.internal.reflect.NativeMethodAccessorImpl.invoke0(Native Method)
		at java.base/jdk.internal.reflect.NativeMethodAccessorImpl.invoke(NativeMethodAccessorImpl.java:77)
		at java.base/jdk.internal.reflect.DelegatingMethodAccessorImpl.invoke(DelegatingMethodAccessorImpl.java:43)
		at java.base/java.lang.reflect.Method.invoke(Method.java:569)
		at org.apache.catalina.startup.Bootstrap.load(Bootstrap.java:307)
		at org.apache.catalina.startup.Bootstrap.main(Bootstrap.java:477)
	Caused by: java.net.BindException: Address already in use: bind
		at java.base/sun.nio.ch.Net.bind0(Native Method)
		at java.base/sun.nio.ch.Net.bind(Net.java:567)
		at java.base/sun.nio.ch.ServerSocketChannelImpl.netBind(ServerSocketChannelImpl.java:337)
		at java.base/sun.nio.ch.ServerSocketChannelImpl.bind(ServerSocketChannelImpl.java:294)
		at java.base/sun.nio.ch.ServerSocketAdaptor.bind(ServerSocketAdaptor.java:89)
		at org.apache.tomcat.util.net.NioEndpoint.initServerSocket(NioEndpoint.java:226)
		at org.apache.tomcat.util.net.NioEndpoint.bind(NioEndpoint.java:202)
		at org.apache.tomcat.util.net.AbstractEndpoint.bindWithCleanup(AbstractEndpoint.java:1326)
		at org.apache.tomcat.util.net.AbstractEndpoint.init(AbstractEndpoint.java:1339)
		at org.apache.tomcat.util.net.AbstractJsseEndpoint.init(AbstractJsseEndpoint.java:231)
		at org.apache.coyote.AbstractProtocol.init(AbstractProtocol.java:695)
		at org.apache.coyote.http11.AbstractHttp11Protocol.init(AbstractHttp11Protocol.java:76)
		at org.apache.catalina.connector.Connector.initInternal(Connector.java:1073)
		... 13 more
14-Sep-2026 11:12:41.971 INFO [main] org.apache.catalina.startup.Catalina.load Initialization processed in 547 ms
14-Sep-2026 11:12:42.049 INFO [main] org.apache.catalina.core.StandardService.startInternal Starting service [Catalina]
14-Sep-2026 11:12:42.050 INFO [main] org.apache.catalina.core.StandardEngine.startInternal Starting Servlet engine: [Apache Tomcat/8.5.96]
14-Sep-2026 11:12:42.075 INFO [localhost-startStop-1] org.apache.catalina.startup.HostConfig.deployWAR Deploying web application archive [D:\benedictmart\benedictmart\jerome_zom\tomcat\webapps\benedictjeromemart.war]
14-Sep-2026 11:12:42.304 WARNING [localhost-startStop-1] org.apache.tomcat.util.descriptor.web.WebXml.setVersion Unknown version string [4.0]. Default version will be used.
14-Sep-2026 11:12:43.945 INFO [localhost-startStop-1] org.apache.jasper.servlet.TldScanner.scanJars At least one JAR was scanned for TLDs yet contained no TLDs. Enable debug logging for this logger for a complete list of JARs that were scanned but no TLDs were found in them. Skipping unneeded JARs during scanning can improve startup time and JSP compilation time.
14-Sep-2026 11:12:44.431 INFO [localhost-startStop-1] org.apache.catalina.startup.HostConfig.deployWAR Deployment of web application archive [D:\benedictmart\benedictmart\jerome_zom\tomcat\webapps\benedictjeromemart.war] has finished in [2,355] ms
14-Sep-2026 11:12:44.432 INFO [localhost-startStop-1] org.apache.catalina.startup.HostConfig.deployWAR Deploying web application archive [D:\benedictmart\benedictmart\jerome_zom\tomcat\webapps\ROOT.war]
14-Sep-2026 11:12:44.521 WARNING [localhost-startStop-1] org.apache.tomcat.util.descriptor.web.WebXml.setVersion Unknown version string [4.0]. Default version will be used.
14-Sep-2026 11:12:45.871 INFO [localhost-startStop-1] org.apache.jasper.servlet.TldScanner.scanJars At least one JAR was scanned for TLDs yet contained no TLDs. Enable debug logging for this logger for a complete list of JARs that were scanned but no TLDs were found in them. Skipping unneeded JARs during scanning can improve startup time and JSP compilation time.
14-Sep-2026 11:12:46.127 INFO [localhost-startStop-1] org.apache.catalina.startup.HostConfig.deployWAR Deployment of web application archive [D:\benedictmart\benedictmart\jerome_zom\tomcat\webapps\ROOT.war] has finished in [1,695] ms
14-Sep-2026 11:12:46.129 INFO [localhost-startStop-1] org.apache.catalina.startup.HostConfig.deployDirectory Deploying web application directory [D:\benedictmart\benedictmart\jerome_zom\tomcat\webapps\docs]
14-Sep-2026 11:12:46.186 INFO [localhost-startStop-1] org.apache.catalina.startup.HostConfig.deployDirectory Deployment of web application directory [D:\benedictmart\benedictmart\jerome_zom\tomcat\webapps\docs] has finished in [57] ms
14-Sep-2026 11:12:46.188 INFO [localhost-startStop-1] org.apache.catalina.startup.HostConfig.deployDirectory Deploying web application directory [D:\benedictmart\benedictmart\jerome_zom\tomcat\webapps\examples]
14-Sep-2026 11:12:46.611 INFO [localhost-startStop-1] org.apache.catalina.startup.HostConfig.deployDirectory Deployment of web application directory [D:\benedictmart\benedictmart\jerome_zom\tomcat\webapps\examples] has finished in [425] ms
14-Sep-2026 11:12:46.611 INFO [localhost-startStop-1] org.apache.catalina.startup.HostConfig.deployDirectory Deploying web application directory [D:\benedictmart\benedictmart\jerome_zom\tomcat\webapps\host-manager]
14-Sep-2026 11:12:46.654 INFO [localhost-startStop-1] org.apache.catalina.startup.HostConfig.deployDirectory Deployment of web application directory [D:\benedictmart\benedictmart\jerome_zom\tomcat\webapps\host-manager] has finished in [43] ms
14-Sep-2026 11:12:46.655 INFO [localhost-startStop-1] org.apache.catalina.startup.HostConfig.deployDirectory Deploying web application directory [D:\benedictmart\benedictmart\jerome_zom\tomcat\webapps\manager]
14-Sep-2026 11:12:46.697 INFO [localhost-startStop-1] org.apache.catalina.startup.HostConfig.deployDirectory Deployment of web application directory [D:\benedictmart\benedictmart\jerome_zom\tomcat\webapps\manager] has finished in [42] ms
14-Sep-2026 11:12:46.699 INFO [main] org.apache.catalina.startup.Catalina.start Server startup in 4727 ms
14-Sep-2026 11:12:46.705 SEVERE [main] org.apache.catalina.core.StandardServer.await Failed to create server shutdown socket on address [localhost] and port [8005] (base port [8005] and offset [0])
	java.net.BindException: Address already in use: bind
		at java.base/sun.nio.ch.Net.bind0(Native Method)
		at java.base/sun.nio.ch.Net.bind(Net.java:567)
		at java.base/sun.nio.ch.Net.bind(Net.java:556)
		at java.base/sun.nio.ch.NioSocketImpl.bind(NioSocketImpl.java:648)
		at java.base/java.net.ServerSocket.bind(ServerSocket.java:388)
		at java.base/java.net.ServerSocket.<init>(ServerSocket.java:274)
		at org.apache.catalina.core.StandardServer.await(StandardServer.java:444)
		at org.apache.catalina.startup.Catalina.await(Catalina.java:783)
		at org.apache.catalina.startup.Catalina.start(Catalina.java:729)
		at java.base/jdk.internal.reflect.NativeMethodAccessorImpl.invoke0(Native Method)
		at java.base/jdk.internal.reflect.NativeMethodAccessorImpl.invoke(NativeMethodAccessorImpl.java:77)
		at java.base/jdk.internal.reflect.DelegatingMethodAccessorImpl.invoke(DelegatingMethodAccessorImpl.java:43)
		at java.base/java.lang.reflect.Method.invoke(Method.java:569)
		at org.apache.catalina.startup.Bootstrap.start(Bootstrap.java:347)
		at org.apache.catalina.startup.Bootstrap.main(Bootstrap.java:478)
14-Sep-2026 11:12:46.705 INFO [main] org.apache.coyote.AbstractProtocol.pause Pausing ProtocolHandler ["http-nio-8080"]
14-Sep-2026 11:12:46.706 INFO [main] org.apache.catalina.core.StandardService.stopInternal Stopping service [Catalina]
14-Sep-2026 11:12:46.729 WARNING [localhost-startStop-1] org.apache.catalina.loader.WebappClassLoaderBase.clearReferencesJdbc The web application [ROOT] registered the JDBC driver [org.h2.Driver] but failed to unregister it when the web application was stopped. To prevent a memory leak, the JDBC Driver has been forcibly unregistered.
14-Sep-2026 11:12:46.768 WARNING [localhost-startStop-1] org.apache.catalina.loader.WebappClassLoaderBase.clearReferencesJdbc The web application [benedictjeromemart] registered the JDBC driver [org.h2.Driver] but failed to unregister it when the web application was stopped. To prevent a memory leak, the JDBC Driver has been forcibly unregistered.
14-Sep-2026 11:12:46.775 INFO [main] org.apache.coyote.AbstractProtocol.stop Stopping ProtocolHandler ["http-nio-8080"]
14-Sep-2026 11:12:46.782 INFO [main] org.apache.coyote.AbstractProtocol.destroy Destroying ProtocolHandler ["http-nio-8080"]
14-Sep-2026 18:45:26.423 SEVERE [main] org.apache.catalina.startup.Catalina.stopServer Could not contact [localhost:8005] (base port [8005] and offset [0]). Tomcat may not be running.
